DEP_TIME,CARRIER,DEST,ORIGIN,Weather,DAY_WEEK,Flight Status
600,MQ,JFK,DCA,0,4,0
600,MQ,JFK,DCA,0,5,0
600,MQ,JFK,DCA,0,6,0
600,MQ,JFK,DCA,0,7,0
600,MQ,JFK,DCA,0,1,0
600,MQ,JFK,DCA,0,2,0
600,MQ,JFK,DCA,0,3,0
600,MQ,JFK,DCA,0,4,0
600,MQ,JFK,DCA,0,5,0
600,MQ,JFK,DCA,0,6,1
600,MQ,JFK,DCA,0,7,0
600,MQ,JFK,DCA,0,1,0
600,MQ,JFK,DCA,0,2,0
600,MQ,JFK,DCA,0,3,0
600,MQ,JFK,DCA,0,4,0
600,MQ,JFK,DCA,0,5,0
600,MQ,JFK,DCA,0,6,0
600,MQ,JFK,DCA,0,7,1
600,MQ,JFK,DCA,0,1,0
600,MQ,JFK,DCA,0,2,0
600,MQ,JFK,DCA,0,3,0
600,MQ,JFK,DCA,0,4,0
600,MQ,JFK,DCA,0,5,0
600,MQ,JFK,DCA,0,6,0
600,MQ,JFK,DCA,0,4,0
600,MQ,JFK,DCA,0,6,0
630,DH,EWR,IAD,0,5,0
630,DH,EWR,IAD,0,6,0
630,DL,LGA,DCA,0,1,0
630,US,LGA,DCA,0,1,1
630,DH,EWR,IAD,0,1,0
630,DL,LGA,DCA,0,2,0
630,US,LGA,DCA,0,2,0
630,DH,EWR,IAD,0,2,0
630,DL,LGA,DCA,0,3,0
630,US,LGA,DCA,0,3,0
630,DH,EWR,IAD,0,3,0
630,DL,LGA,DCA,0,4,0
630,US,LGA,DCA,0,4,0
630,DH,EWR,IAD,0,4,0
630,DL,LGA,DCA,0,5,0
630,US,LGA,DCA,0,5,0
630,DH,EWR,IAD,0,5,0
630,DL,LGA,DCA,0,1,0
630,US,LGA,DCA,0,1,0
630,DH,EWR,IAD,0,1,0
630,DL,LGA,DCA,0,2,0
630,US,LGA,DCA,0,2,0
630,DH,EWR,IAD,0,2,0
630,DL,LGA,DCA,0,3,0
630,US,LGA,DCA,0,3,0
630,DH,EWR,IAD,0,3,0
630,DL,LGA,DCA,0,4,0
630,US,LGA,DCA,0,4,1
630,DH,EWR,IAD,0,4,0
630,DL,LGA,DCA,0,5,0
630,US,LGA,DCA,0,5,0
630,DH,EWR,IAD,0,5,1
630,US,LGA,DCA,0,1,0
630,DH,EWR,IAD,0,1,0
630,DL,LGA,DCA,0,2,0
630,US,LGA,DCA,0,2,0
630,DH,EWR,IAD,0,2,0
630,DL,LGA,DCA,0,3,0
630,US,LGA,DCA,0,3,0
630,DH,EWR,IAD,0,3,0
630,DL,LGA,DCA,0,4,0
630,US,LGA,DCA,0,4,0
630,DH,EWR,IAD,0,4,0
630,DL,LGA,DCA,0,5,0
630,US,LGA,DCA,0,5,0
630,DH,EWR,IAD,0,5,0
630,US,LGA,DCA,0,1,1
630,DH,EWR,IAD,0,1,0
630,US,LGA,DCA,0,2,0
630,US,LGA,DCA,0,3,0
630,DH,EWR,IAD,0,3,0
630,DL,LGA,DCA,0,4,0
630,US,LGA,DCA,0,4,0
630,DH,EWR,IAD,0,4,0
630,DL,LGA,DCA,0,5,0
630,US,LGA,DCA,0,5,0
630,DH,EWR,IAD,0,5,0
640,DH,LGA,IAD,0,5,0
640,DH,LGA,IAD,0,6,0
640,DH,LGA,IAD,0,7,0
640,DH,LGA,IAD,0,1,1
640,DH,LGA,IAD,0,2,0
640,DH,LGA,IAD,0,3,0
640,DH,LGA,IAD,0,4,0
640,DH,LGA,IAD,0,5,1
640,DH,LGA,IAD,0,1,1
640,DH,LGA,IAD,0,2,1
640,DH,LGA,IAD,0,3,0
640,DH,LGA,IAD,0,5,0
640,DH,LGA,IAD,0,1,1
640,DH,LGA,IAD,0,2,0
640,DH,LGA,IAD,0,3,1
640,DH,LGA,IAD,0,4,0
640,DH,LGA,IAD,0,5,0
640,DH,LGA,IAD,0,1,1
640,DH,LGA,IAD,1,2,1
640,DH,LGA,IAD,0,3,0
640,DH,LGA,IAD,0,4,1
640,DH,LGA,IAD,0,5,0
645,RU,EWR,DCA,0,2,0
645,RU,EWR,DCA,0,3,0
645,RU,EWR,DCA,0,4,1
645,RU,EWR,DCA,0,5,0
645,RU,EWR,DCA,0,6,0
645,RU,EWR,DCA,0,1,0
645,RU,EWR,DCA,0,2,0
645,RU,EWR,DCA,0,3,0
645,RU,EWR,DCA,0,4,0
645,RU,EWR,DCA,0,5,0
645,RU,EWR,DCA,0,6,0
645,RU,EWR,DCA,0,1,0
645,RU,EWR,DCA,0,2,0
645,RU,EWR,DCA,0,3,0
645,RU,EWR,DCA,0,4,0
645,RU,EWR,DCA,0,5,0
645,RU,EWR,DCA,0,6,0
645,RU,EWR,DCA,0,2,0
645,RU,EWR,DCA,0,4,0
645,RU,EWR,DCA,0,5,0
645,RU,EWR,DCA,0,6,0
700,RU,EWR,BWI,0,4,0
700,US,LGA,DCA,0,5,0
700,RU,EWR,BWI,0,5,0
700,RU,EWR,IAD,0,5,0
700,RU,EWR,DCA,0,5,0
700,US,LGA,DCA,0,6,0
700,RU,EWR,BWI,0,6,0
700,RU,EWR,IAD,0,6,0
700,RU,EWR,DCA,0,6,0
700,MQ,LGA,DCA,0,1,0
700,US,LGA,DCA,0,1,0
700,RU,EWR,BWI,0,1,1
700,RU,EWR,DCA,0,1,0
700,RU,EWR,IAD,0,1,0
700,MQ,LGA,DCA,0,2,0
700,US,LGA,DCA,0,2,0
700,RU,EWR,BWI,0,2,0
700,RU,EWR,IAD,0,2,0
700,MQ,LGA,DCA,0,3,0
700,US,LGA,DCA,0,3,0
700,RU,EWR,BWI,0,3,0
700,RU,EWR,IAD,0,3,1
700,MQ,LGA,DCA,0,4,0
700,US,LGA,DCA,0,4,0
700,RU,EWR,BWI,0,4,0
700,RU,EWR,IAD,0,4,0
700,US,LGA,DCA,0,5,0
700,RU,EWR,BWI,0,5,0
700,RU,EWR,IAD,0,5,1
700,US,LGA,DCA,0,6,0
700,RU,EWR,BWI,0,6,0
700,RU,EWR,IAD,0,6,0
700,MQ,LGA,DCA,0,1,1
700,US,LGA,DCA,0,1,1
700,RU,EWR,BWI,0,1,0
700,RU,EWR,IAD,0,1,0
700,MQ,LGA,DCA,0,2,0
700,US,LGA,DCA,0,2,0
700,RU,EWR,BWI,0,2,0
700,RU,EWR,IAD,0,2,0
700,MQ,LGA,DCA,0,3,1
700,US,LGA,DCA,0,3,0
700,RU,EWR,BWI,0,3,0
700,RU,EWR,IAD,0,3,0
700,RU,EWR,IAD,0,4,1
700,US,LGA,DCA,0,5,0
700,RU,EWR,BWI,0,5,0
700,RU,EWR,IAD,0,5,0
700,US,LGA,DCA,0,6,0
700,RU,EWR,BWI,0,6,0
700,RU,EWR,IAD,0,6,0
700,MQ,LGA,DCA,0,1,1
700,US,LGA,DCA,0,1,0
700,RU,EWR,BWI,0,1,0
700,RU,EWR,IAD,0,1,0
700,MQ,LGA,DCA,0,2,0
700,US,LGA,DCA,0,2,0
700,RU,EWR,BWI,0,2,0
700,RU,EWR,IAD,0,2,1
700,MQ,LGA,DCA,0,3,0
700,US,LGA,DCA,0,3,0
700,RU,EWR,BWI,0,3,0
700,RU,EWR,IAD,0,3,0
700,MQ,LGA,DCA,0,4,0
700,US,LGA,DCA,0,4,0
700,RU,EWR,BWI,0,4,0
700,RU,EWR,IAD,0,4,0
700,MQ,LGA,DCA,0,5,0
700,US,LGA,DCA,0,5,0
700,RU,EWR,BWI,0,5,0
700,RU,EWR,IAD,0,5,0
700,US,LGA,DCA,0,6,0
700,RU,EWR,BWI,0,6,1
700,RU,EWR,IAD,0,6,1
700,US,LGA,DCA,0,1,1
700,MQ,LGA,DCA,0,2,1
700,US,LGA,DCA,0,2,0
700,RU,EWR,BWI,0,2,1
700,RU,EWR,IAD,1,2,1
700,US,LGA,DCA,0,3,0
700,RU,EWR,IAD,0,3,0
700,MQ,LGA,DCA,0,4,1
700,US,LGA,DCA,0,4,1
700,RU,EWR,BWI,0,4,0
700,RU,EWR,IAD,0,4,0
700,MQ,LGA,DCA,0,5,0
700,US,LGA,DCA,0,5,0
700,RU,EWR,BWI,0,5,0
700,RU,EWR,IAD,0,5,1
700,US,LGA,DCA,0,6,0
700,RU,EWR,BWI,0,6,0
700,RU,EWR,IAD,0,6,0
730,MQ,JFK,DCA,0,7,0
730,DL,LGA,DCA,0,1,0
730,DL,LGA,DCA,0,2,0
730,DL,LGA,DCA,0,4,0
730,DL,LGA,DCA,0,5,1
730,DL,LGA,DCA,0,6,0
730,DL,LGA,DCA,0,1,0
730,DL,LGA,DCA,0,2,0
730,DL,LGA,DCA,0,3,0
730,DL,LGA,DCA,0,4,1
730,DL,LGA,DCA,0,5,0
730,DL,LGA,DCA,0,6,0
730,DL,LGA,DCA,0,1,0
730,DL,LGA,DCA,0,2,0
730,DL,LGA,DCA,0,3,0
730,DL,LGA,DCA,0,4,0
730,DL,LGA,DCA,0,5,0
730,DL,LGA,DCA,0,6,0
730,DL,LGA,DCA,1,1,1
730,DL,LGA,DCA,0,2,0
730,DL,LGA,DCA,0,3,0
730,DL,LGA,DCA,0,4,0
730,DL,LGA,DCA,0,5,0
730,DL,LGA,DCA,0,6,0
735,CO,EWR,DCA,0,2,0
735,CO,EWR,DCA,0,3,0
735,CO,EWR,DCA,0,4,0
735,CO,EWR,DCA,0,5,0
735,CO,EWR,DCA,0,1,0
735,CO,EWR,DCA,0,2,0
735,CO,EWR,DCA,0,3,0
735,CO,EWR,DCA,0,4,1
735,CO,EWR,DCA,0,5,0
735,CO,EWR,DCA,0,1,0
735,CO,EWR,DCA,0,2,0
735,CO,EWR,DCA,0,3,0
735,CO,EWR,DCA,0,4,0
735,CO,EWR,DCA,0,5,0
735,CO,EWR,DCA,1,1,1
735,CO,EWR,DCA,0,4,0
735,CO,EWR,DCA,0,5,0
759,CO,EWR,DCA,0,5,0
759,CO,EWR,DCA,0,1,0
800,MQ,LGA,DCA,0,1,0
800,US,LGA,DCA,0,1,0
800,MQ,LGA,DCA,0,2,0
800,US,LGA,DCA,0,2,0
800,MQ,LGA,DCA,0,3,0
800,US,LGA,DCA,0,3,0
800,MQ,LGA,DCA,0,4,0
800,US,LGA,DCA,0,4,0
800,MQ,LGA,DCA,0,5,1
800,US,LGA,DCA,0,5,0
800,MQ,LGA,DCA,0,1,0
800,US,LGA,DCA,0,1,0
800,MQ,LGA,DCA,0,2,0
800,US,LGA,DCA,0,2,0
800,MQ,LGA,DCA,0,3,0
800,US,LGA,DCA,0,3,0
800,MQ,LGA,DCA,0,4,1
800,US,LGA,DCA,0,4,0
800,MQ,LGA,DCA,0,5,1
800,US,LGA,DCA,0,5,0
800,MQ,LGA,DCA,0,1,1
800,US,LGA,DCA,0,1,0
800,MQ,LGA,DCA,0,2,0
800,US,LGA,DCA,0,2,0
800,MQ,LGA,DCA,0,3,0
800,US,LGA,DCA,0,3,0
800,MQ,LGA,DCA,0,4,0
800,US,LGA,DCA,0,4,0
800,MQ,LGA,DCA,0,5,0
800,US,LGA,DCA,0,5,0
800,MQ,LGA,DCA,1,1,1
800,US,LGA,DCA,0,1,0
800,MQ,LGA,DCA,0,2,0
800,US,LGA,DCA,0,2,0
800,MQ,LGA,DCA,0,3,1
800,US,LGA,DCA,0,3,1
800,MQ,LGA,DCA,0,4,0
800,US,LGA,DCA,0,4,0
800,MQ,LGA,DCA,1,5,1
800,US,LGA,DCA,0,5,0
830,DL,LGA,DCA,0,6,0
830,DL,LGA,DCA,0,7,0
830,DL,LGA,DCA,0,1,0
830,DL,LGA,DCA,0,2,0
830,DL,LGA,DCA,0,3,0
830,DL,LGA,DCA,0,4,0
830,DL,LGA,DCA,0,5,0
830,DL,LGA,DCA,0,6,0
830,DL,LGA,DCA,0,7,0
830,DL,LGA,DCA,0,1,0
830,DL,LGA,DCA,0,2,0
830,DL,LGA,DCA,0,3,0
830,DL,LGA,DCA,0,5,1
830,DL,LGA,DCA,0,6,0
830,DL,LGA,DCA,0,7,0
830,DL,LGA,DCA,0,1,0
830,DL,LGA,DCA,0,2,0
830,DL,LGA,DCA,0,3,0
830,DL,LGA,DCA,0,4,0
830,DL,LGA,DCA,0,5,0
830,DL,LGA,DCA,0,6,0
830,DL,LGA,DCA,0,7,0
830,DL,LGA,DCA,0,2,1
830,DL,LGA,DCA,0,4,1
830,DL,LGA,DCA,0,5,0
830,DL,LGA,DCA,0,6,1
840,DH,JFK,IAD,0,4,0
840,DH,EWR,IAD,0,4,0
840,DH,JFK,IAD,0,5,0
840,DH,EWR,IAD,0,5,0
840,DH,JFK,IAD,0,6,0
840,DH,EWR,IAD,0,6,1
840,DH,JFK,IAD,0,7,0
840,DH,EWR,IAD,0,7,0
840,DH,JFK,IAD,0,1,1
840,DH,EWR,IAD,0,1,0
840,DH,JFK,IAD,0,2,0
840,DH,EWR,IAD,0,2,0
840,DH,JFK,IAD,0,3,0
840,DH,EWR,IAD,0,3,0
840,DH,JFK,IAD,0,4,0
840,DH,EWR,IAD,0,4,0
840,DH,JFK,IAD,0,5,1
840,DH,EWR,IAD,0,5,0
840,DH,JFK,IAD,0,6,1
840,DH,EWR,IAD,0,6,0
840,DH,JFK,IAD,0,7,0
840,DH,EWR,IAD,0,7,0
840,DH,JFK,IAD,0,1,0
840,DH,EWR,IAD,0,1,0
840,DH,JFK,IAD,0,2,0
840,DH,EWR,IAD,0,2,0
840,DH,JFK,IAD,0,3,0
840,DH,EWR,IAD,0,3,0
840,DH,JFK,IAD,0,4,0
840,DH,EWR,IAD,0,4,0
840,DH,JFK,IAD,0,5,0
840,DH,EWR,IAD,0,5,0
840,DH,JFK,IAD,0,6,0
840,DH,EWR,IAD,0,6,0
840,DH,JFK,IAD,0,7,0
840,DH,EWR,IAD,0,7,0
840,DH,JFK,IAD,0,1,0
840,DH,EWR,IAD,0,1,0
840,DH,JFK,IAD,0,2,0
840,DH,EWR,IAD,0,2,0
840,DH,JFK,IAD,0,3,0
840,DH,EWR,IAD,0,3,0
840,DH,JFK,IAD,0,4,0
840,DH,EWR,IAD,0,4,0
840,DH,JFK,IAD,0,5,0
840,DH,EWR,IAD,0,5,0
840,DH,JFK,IAD,0,6,0
840,DH,EWR,IAD,0,6,0
840,DH,JFK,IAD,0,7,0
840,DH,EWR,IAD,0,7,0
840,DH,JFK,IAD,0,1,0
840,DH,EWR,IAD,0,1,0
840,DH,JFK,IAD,0,2,1
840,DH,EWR,IAD,0,2,1
840,DH,JFK,IAD,0,3,1
840,DH,EWR,IAD,0,3,0
840,DH,JFK,IAD,0,4,0
840,DH,EWR,IAD,0,4,1
840,DH,JFK,IAD,0,5,0
840,DH,EWR,IAD,0,5,0
840,DH,JFK,IAD,0,6,1
840,DH,EWR,IAD,0,6,0
845,RU,EWR,IAD,0,7,0
845,RU,EWR,IAD,0,7,0
845,RU,EWR,IAD,0,7,0
850,UA,LGA,IAD,0,4,0
850,UA,LGA,IAD,0,5,0
850,UA,LGA,IAD,0,6,0
850,UA,LGA,IAD,0,7,0
850,UA,LGA,IAD,0,1,0
850,UA,LGA,IAD,0,2,0
850,UA,LGA,IAD,0,3,0
850,UA,LGA,IAD,0,4,0
850,UA,LGA,IAD,0,5,1
850,UA,LGA,IAD,0,6,0
850,UA,LGA,IAD,0,7,0
850,UA,LGA,IAD,0,1,0
850,UA,LGA,IAD,0,2,0
850,UA,LGA,IAD,0,3,0
850,UA,LGA,IAD,0,4,1
850,UA,LGA,IAD,0,5,1
850,UA,LGA,IAD,0,6,0
850,UA,LGA,IAD,0,7,0
850,UA,LGA,IAD,0,1,0
850,UA,LGA,IAD,0,2,0
850,UA,LGA,IAD,0,3,0
850,UA,LGA,IAD,0,4,0
850,UA,LGA,IAD,0,5,0
850,UA,LGA,IAD,0,6,0
850,UA,LGA,IAD,0,7,0
850,UA,LGA,IAD,1,1,1
850,UA,LGA,IAD,1,2,1
850,UA,LGA,IAD,0,3,0
850,UA,LGA,IAD,0,4,0
850,UA,LGA,IAD,0,5,0
850,UA,LGA,IAD,0,6,0
900,MQ,LGA,DCA,0,4,0
900,US,LGA,DCA,0,4,0
900,MQ,LGA,DCA,0,5,0
900,US,LGA,DCA,0,5,0
900,RU,EWR,DCA,0,5,0
900,RU,EWR,IAD,0,5,0
900,MQ,LGA,DCA,0,6,0
900,US,LGA,DCA,0,6,0
900,US,LGA,DCA,0,7,0
900,RU,EWR,IAD,0,7,0
900,MQ,LGA,DCA,0,1,0
900,US,LGA,DCA,0,1,0
900,RU,EWR,DCA,0,1,1
900,RU,EWR,IAD,0,1,0
900,MQ,LGA,DCA,0,2,0
900,US,LGA,DCA,0,2,0
900,RU,EWR,DCA,0,2,0
900,MQ,LGA,DCA,0,3,0
900,US,LGA,DCA,0,3,0
900,RU,EWR,DCA,0,3,0
900,MQ,LGA,DCA,0,4,0
900,US,LGA,DCA,0,4,0
900,RU,EWR,DCA,0,4,0
900,MQ,LGA,DCA,0,5,0
900,RU,EWR,DCA,0,5,0
900,MQ,LGA,DCA,0,6,0
900,US,LGA,DCA,0,6,0
900,US,LGA,DCA,0,7,0
900,MQ,LGA,DCA,0,1,0
900,US,LGA,DCA,0,1,0
900,RU,EWR,DCA,0,1,0
900,MQ,LGA,DCA,0,2,0
900,US,LGA,DCA,0,2,0
900,RU,EWR,DCA,0,2,0
900,MQ,LGA,DCA,0,3,0
900,US,LGA,DCA,0,3,0
900,RU,EWR,DCA,0,3,0
900,US,LGA,DCA,0,4,1
900,RU,EWR,DCA,0,4,1
900,MQ,LGA,DCA,0,5,1
900,US,LGA,DCA,0,5,1
900,RU,EWR,DCA,0,5,0
900,MQ,LGA,DCA,0,6,0
900,US,LGA,DCA,0,6,0
900,US,LGA,DCA,0,7,0
900,MQ,LGA,DCA,0,1,0
900,US,LGA,DCA,0,1,0
900,RU,EWR,DCA,0,1,0
900,MQ,LGA,DCA,0,2,0
900,US,LGA,DCA,0,2,0
900,RU,EWR,DCA,0,2,0
900,MQ,LGA,DCA,0,3,0
900,US,LGA,DCA,0,3,0
900,RU,EWR,DCA,0,3,0
900,MQ,LGA,DCA,0,4,0
900,US,LGA,DCA,0,4,0
900,RU,EWR,DCA,0,4,0
900,MQ,LGA,DCA,0,5,0
900,US,LGA,DCA,0,5,0
900,RU,EWR,DCA,0,5,0
900,MQ,LGA,DCA,0,6,1
900,US,LGA,DCA,0,6,0
900,US,LGA,DCA,0,7,0
900,MQ,LGA,DCA,1,1,1
900,US,LGA,DCA,1,1,1
900,RU,EWR,DCA,0,1,0
900,US,LGA,DCA,0,2,0
900,US,LGA,DCA,0,3,1
900,RU,EWR,DCA,0,3,1
900,MQ,LGA,DCA,0,4,0
900,US,LGA,DCA,0,4,0
900,RU,EWR,DCA,0,4,0
900,MQ,LGA,DCA,0,5,0
900,US,LGA,DCA,0,5,0
900,RU,EWR,DCA,0,5,0
900,MQ,LGA,DCA,0,6,0
900,US,LGA,DCA,0,6,0
925,MQ,JFK,DCA,0,7,0
925,MQ,JFK,DCA,0,7,0
925,MQ,JFK,DCA,0,7,0
930,DL,LGA,DCA,0,4,0
930,DL,LGA,DCA,0,5,0
930,RU,EWR,DCA,0,6,0
930,RU,EWR,DCA,0,7,0
930,DL,LGA,DCA,0,1,0
930,DL,LGA,DCA,0,2,0
930,DL,LGA,DCA,0,3,0
930,DL,LGA,DCA,0,4,0
930,DL,LGA,DCA,0,5,0
930,RU,EWR,DCA,0,6,0
930,RU,EWR,DCA,0,7,0
930,DL,LGA,DCA,0,1,1
930,DL,LGA,DCA,0,2,0
930,DL,LGA,DCA,0,3,0
930,DL,LGA,DCA,0,4,0
930,DL,LGA,DCA,0,5,0
930,RU,EWR,DCA,0,6,0
930,RU,EWR,DCA,0,7,0
930,DL,LGA,DCA,0,2,0
930,DL,LGA,DCA,0,3,0
930,DL,LGA,DCA,0,4,0
930,DL,LGA,DCA,0,5,0
930,RU,EWR,DCA,0,6,0
930,RU,EWR,DCA,0,7,0
930,DL,LGA,DCA,0,1,0
930,DL,LGA,DCA,0,3,0
930,DL,LGA,DCA,0,5,0
930,RU,EWR,DCA,0,6,0
1000,US,LGA,DCA,0,7,0
1000,US,LGA,DCA,0,1,0
1000,US,LGA,DCA,0,2,0
1000,US,LGA,DCA,0,3,0
1000,US,LGA,DCA,0,4,0
1000,US,LGA,DCA,0,5,0
1000,US,LGA,DCA,0,7,0
1000,US,LGA,DCA,0,1,0
1000,US,LGA,DCA,0,2,0
1000,US,LGA,DCA,0,3,0
1000,US,LGA,DCA,0,5,0
1000,US,LGA,DCA,0,7,0
1000,US,LGA,DCA,0,1,0
1000,US,LGA,DCA,0,2,0
1000,US,LGA,DCA,0,3,0
1000,US,LGA,DCA,0,4,0
1000,US,LGA,DCA,0,5,0
1000,US,LGA,DCA,0,7,0
1000,US,LGA,DCA,0,1,0
1000,US,LGA,DCA,0,2,0
1000,US,LGA,DCA,0,3,0
1000,US,LGA,DCA,0,4,0
1000,US,LGA,DCA,0,5,0
1030,RU,EWR,BWI,0,4,0
1030,RU,EWR,BWI,0,5,0
1030,DL,LGA,DCA,0,6,0
1030,RU,EWR,BWI,0,6,0
1030,DL,LGA,DCA,0,7,0
1030,RU,EWR,BWI,0,7,1
1030,DL,LGA,DCA,0,1,0
1030,RU,EWR,BWI,0,1,1
1030,DL,LGA,DCA,0,2,0
1030,RU,EWR,BWI,0,2,0
1030,DL,LGA,DCA,0,3,0
1030,RU,EWR,BWI,0,3,1
1030,DL,LGA,DCA,0,4,0
1030,RU,EWR,BWI,0,4,0
1030,DL,LGA,DCA,0,5,0
1030,RU,EWR,BWI,0,5,1
1030,DL,LGA,DCA,0,6,0
1030,RU,EWR,BWI,0,6,0
1030,DL,LGA,DCA,0,7,0
1030,RU,EWR,BWI,0,7,0
1030,DL,LGA,DCA,0,1,0
1030,RU,EWR,BWI,0,1,0
1030,DL,LGA,DCA,0,2,0
1030,RU,EWR,BWI,0,2,0
1030,DL,LGA,DCA,0,3,0
1030,RU,EWR,BWI,0,3,0
1030,RU,EWR,BWI,0,4,1
1030,DL,LGA,DCA,0,5,1
1030,RU,EWR,BWI,0,5,1
1030,DL,LGA,DCA,0,6,0
1030,RU,EWR,BWI,0,6,0
1030,DL,LGA,DCA,0,7,0
1030,RU,EWR,BWI,1,7,1
1030,DL,LGA,DCA,0,1,0
1030,RU,EWR,BWI,0,1,0
1030,DL,LGA,DCA,0,2,0
1030,RU,EWR,BWI,0,2,0
1030,DL,LGA,DCA,0,3,0
1030,RU,EWR,BWI,0,3,0
1030,DL,LGA,DCA,0,4,0
1030,RU,EWR,BWI,0,4,0
1030,DL,LGA,DCA,0,5,0
1030,RU,EWR,BWI,0,5,0
1030,DL,LGA,DCA,0,6,0
1030,RU,EWR,BWI,0,6,0
1030,DL,LGA,DCA,0,7,0
1030,RU,EWR,BWI,0,7,1
1030,DL,LGA,DCA,0,1,0
1030,DL,LGA,DCA,0,2,0
1030,RU,EWR,BWI,0,3,0
1030,DL,LGA,DCA,0,4,0
1030,RU,EWR,BWI,0,4,0
1030,DL,LGA,DCA,0,5,0
1030,RU,EWR,BWI,0,5,0
1030,DL,LGA,DCA,0,6,0
1030,RU,EWR,BWI,0,6,0
1039,DH,LGA,IAD,0,4,0
1039,DH,LGA,IAD,0,5,1
1039,DH,LGA,IAD,0,6,0
1039,DH,LGA,IAD,0,7,0
1039,DH,LGA,IAD,0,1,0
1039,DH,LGA,IAD,0,2,0
1040,DH,LGA,IAD,0,3,0
1040,DH,LGA,IAD,0,4,0
1040,DH,LGA,IAD,0,5,0
1040,DH,LGA,IAD,0,1,0
1040,DH,LGA,IAD,0,2,0
1040,DH,LGA,IAD,0,3,0
1040,DH,LGA,IAD,0,1,0
1040,DH,LGA,IAD,0,2,0
1040,DH,LGA,IAD,0,3,0
1040,DH,LGA,IAD,0,4,0
1040,DH,LGA,IAD,0,5,0
1040,DH,LGA,IAD,0,1,1
1040,DH,LGA,IAD,0,2,0
1040,DH,LGA,IAD,0,3,0
1040,DH,LGA,IAD,0,5,0
1100,US,LGA,DCA,0,4,0
1100,MQ,LGA,DCA,0,5,0
1100,US,LGA,DCA,0,5,0
1100,US,LGA,DCA,0,6,0
1100,US,LGA,DCA,0,7,0
1100,MQ,LGA,DCA,0,1,0
1100,US,LGA,DCA,0,1,0
1100,MQ,LGA,DCA,0,2,0
1100,US,LGA,DCA,0,2,0
1100,MQ,LGA,DCA,0,3,0
1100,US,LGA,DCA,0,3,0
1100,MQ,LGA,DCA,0,4,0
1100,US,LGA,DCA,0,4,0
1100,MQ,LGA,DCA,0,5,1
1100,US,LGA,DCA,0,5,0
1100,US,LGA,DCA,0,6,0
1100,US,LGA,DCA,0,7,0
1100,MQ,LGA,DCA,0,1,0
1100,US,LGA,DCA,0,1,1
1100,MQ,LGA,DCA,0,2,0
1100,US,LGA,DCA,0,2,0
1100,MQ,LGA,DCA,0,3,1
1100,US,LGA,DCA,0,3,0
1100,MQ,LGA,DCA,0,4,0
1100,US,LGA,DCA,0,4,0
1100,MQ,LGA,DCA,0,5,1
1100,US,LGA,DCA,0,5,0
1100,US,LGA,DCA,0,6,0
1100,US,LGA,DCA,0,7,0
1100,MQ,LGA,DCA,0,1,0
1100,US,LGA,DCA,0,1,0
1100,MQ,LGA,DCA,0,2,0
1100,US,LGA,DCA,0,2,0
1100,MQ,LGA,DCA,0,3,0
1100,US,LGA,DCA,0,3,0
1100,MQ,LGA,DCA,0,4,0
1100,US,LGA,DCA,0,4,0
1100,MQ,LGA,DCA,0,5,0
1100,US,LGA,DCA,0,5,0
1100,US,LGA,DCA,0,6,0
1100,US,LGA,DCA,0,7,0
1100,US,LGA,DCA,0,1,1
1100,US,LGA,DCA,0,2,0
1100,US,LGA,DCA,0,3,0
1100,US,LGA,DCA,0,4,0
1100,MQ,LGA,DCA,0,5,0
1100,US,LGA,DCA,0,5,0
1100,US,LGA,DCA,0,6,0
1130,DL,LGA,DCA,0,1,0
1130,DL,LGA,DCA,0,2,0
1130,DL,LGA,DCA,0,3,0
1130,DL,LGA,DCA,0,4,0
1130,DL,LGA,DCA,0,5,0
1130,DL,LGA,DCA,0,7,0
1130,DL,LGA,DCA,0,1,0
1130,DL,LGA,DCA,0,2,0
1130,DL,LGA,DCA,0,3,1
1130,DL,LGA,DCA,0,4,0
1130,DL,LGA,DCA,0,5,0
1130,DL,LGA,DCA,0,2,0
1130,DL,LGA,DCA,0,3,0
1130,DL,LGA,DCA,0,4,0
1130,DL,LGA,DCA,0,5,0
1130,DL,LGA,DCA,0,7,0
1130,DL,LGA,DCA,0,1,0
1130,DL,LGA,DCA,0,3,0
1130,DL,LGA,DCA,0,4,0
1130,DL,LGA,DCA,0,5,0
1200,US,LGA,DCA,0,7,0
1200,US,LGA,DCA,0,1,0
1200,US,LGA,DCA,0,2,0
1200,US,LGA,DCA,0,3,0
1200,US,LGA,DCA,0,4,0
1200,US,LGA,DCA,0,5,0
1200,US,LGA,DCA,0,7,0
1200,US,LGA,DCA,0,1,0
1200,US,LGA,DCA,0,2,0
1200,US,LGA,DCA,0,3,0
1200,US,LGA,DCA,0,4,0
1200,US,LGA,DCA,0,5,0
1200,US,LGA,DCA,0,7,0
1200,US,LGA,DCA,0,1,0
1200,US,LGA,DCA,0,2,0
1200,US,LGA,DCA,0,3,0
1200,US,LGA,DCA,0,4,0
1200,US,LGA,DCA,0,5,0
1200,US,LGA,DCA,0,7,0
1200,US,LGA,DCA,0,2,0
1200,US,LGA,DCA,0,4,0
1200,US,LGA,DCA,0,5,0
1230,DL,LGA,DCA,0,4,0
1230,DL,LGA,DCA,0,5,0
1230,DL,LGA,DCA,0,6,0
1230,DL,LGA,DCA,0,7,0
1230,DL,LGA,DCA,0,1,0
1230,DL,LGA,DCA,0,2,0
1230,DL,LGA,DCA,0,3,0
1230,DL,LGA,DCA,0,4,0
1230,DL,LGA,DCA,0,5,0
1230,DL,LGA,DCA,0,6,0
1230,DL,LGA,DCA,0,7,0
1230,DL,LGA,DCA,0,1,0
1230,DL,LGA,DCA,0,2,0
1230,DL,LGA,DCA,0,3,0
1230,DL,LGA,DCA,0,5,0
1230,DL,LGA,DCA,0,7,1
1230,DL,LGA,DCA,0,1,0
1230,DL,LGA,DCA,0,2,0
1230,DL,LGA,DCA,0,3,0
1230,DL,LGA,DCA,0,4,0
1230,DL,LGA,DCA,0,5,0
1230,DL,LGA,DCA,0,6,0
1230,DL,LGA,DCA,0,7,0
1230,DL,LGA,DCA,0,1,0
1230,DL,LGA,DCA,0,2,0
1230,DL,LGA,DCA,0,4,0
1230,DL,LGA,DCA,0,5,0
1230,DL,LGA,DCA,0,6,0
1240,DH,JFK,IAD,0,4,0
1240,DH,JFK,IAD,0,5,0
1240,DH,JFK,IAD,0,6,0
1240,DH,JFK,IAD,0,7,0
1240,DH,JFK,IAD,0,1,1
1240,DH,JFK,IAD,0,2,0
1240,DH,JFK,IAD,0,3,0
1240,DH,JFK,IAD,0,4,0
1240,DH,JFK,IAD,0,5,0
1240,DH,JFK,IAD,0,6,1
1240,DH,JFK,IAD,0,7,0
1240,DH,JFK,IAD,0,1,0
1240,DH,JFK,IAD,0,2,0
1240,DH,JFK,IAD,0,3,0
1240,DH,JFK,IAD,0,4,0
1240,DH,JFK,IAD,0,5,0
1240,DH,JFK,IAD,0,6,0
1240,DH,JFK,IAD,0,7,0
1240,DH,JFK,IAD,0,1,0
1240,DH,JFK,IAD,0,2,1
1240,DH,JFK,IAD,0,3,0
1240,DH,JFK,IAD,0,4,0
1240,DH,JFK,IAD,0,5,0
1240,DH,JFK,IAD,0,6,0
1240,DH,JFK,IAD,0,7,1
1240,DH,JFK,IAD,0,1,0
1240,DH,JFK,IAD,0,2,1
1240,DH,JFK,IAD,0,3,1
1240,DH,JFK,IAD,0,4,0
1240,DH,JFK,IAD,0,5,0
1240,DH,JFK,IAD,0,6,0
1245,DH,LGA,IAD,0,4,0
1245,DH,EWR,IAD,0,4,0
1245,DH,LGA,IAD,0,5,0
1245,DH,EWR,IAD,0,5,1
1245,DH,LGA,IAD,0,6,0
1245,DH,EWR,IAD,0,6,1
1245,DH,LGA,IAD,0,7,0
1245,DH,EWR,IAD,0,7,1
1245,DH,LGA,IAD,0,1,1
1245,DH,EWR,IAD,0,1,1
1245,DH,LGA,IAD,0,2,0
1245,DH,EWR,IAD,0,2,0
1245,DH,LGA,IAD,0,3,0
1245,DH,EWR,IAD,0,3,1
1245,DH,LGA,IAD,0,4,0
1245,DH,EWR,IAD,0,4,0
1245,DH,LGA,IAD,0,5,0
1245,DH,EWR,IAD,0,5,0
1245,DH,LGA,IAD,0,6,0
1245,DH,EWR,IAD,0,6,0
1245,DH,LGA,IAD,0,7,0
1245,DH,EWR,IAD,0,7,0
1245,DH,LGA,IAD,0,1,0
1245,DH,EWR,IAD,0,1,1
1245,DH,LGA,IAD,0,2,0
1245,DH,EWR,IAD,0,2,0
1245,DH,LGA,IAD,0,3,0
1245,DH,EWR,IAD,0,3,0
1245,DH,LGA,IAD,0,4,0
1245,DH,EWR,IAD,0,4,0
1245,DH,EWR,IAD,0,5,0
1245,DH,LGA,IAD,0,6,0
1245,DH,EWR,IAD,0,6,0
1245,DH,LGA,IAD,0,7,0
1245,DH,EWR,IAD,0,7,1
1245,DH,LGA,IAD,0,1,0
1245,DH,EWR,IAD,0,1,0
1245,DH,LGA,IAD,0,2,0
1245,DH,EWR,IAD,0,2,0
1245,DH,LGA,IAD,0,3,0
1245,DH,EWR,IAD,0,3,0
1245,DH,LGA,IAD,0,4,1
1245,DH,EWR,IAD,0,4,0
1245,DH,LGA,IAD,0,5,1
1245,DH,EWR,IAD,0,5,0
1245,DH,LGA,IAD,0,6,0
1245,DH,EWR,IAD,0,6,0
1245,DH,LGA,IAD,0,7,0
1245,DH,EWR,IAD,0,7,0
1245,DH,LGA,IAD,0,1,0
1245,DH,EWR,IAD,0,1,1
1245,DH,LGA,IAD,1,2,1
1245,DH,EWR,IAD,0,2,1
1245,DH,LGA,IAD,0,3,0
1245,DH,EWR,IAD,0,3,1
1245,DH,LGA,IAD,0,4,1
1245,DH,EWR,IAD,0,4,0
1245,DH,LGA,IAD,0,5,0
1245,DH,EWR,IAD,0,5,1
1245,DH,LGA,IAD,0,6,0
1245,DH,EWR,IAD,0,6,0
1300,MQ,LGA,DCA,0,4,0
1300,US,LGA,DCA,0,4,0
1300,CO,EWR,DCA,0,4,0
1300,RU,EWR,IAD,0,4,0
1300,MQ,LGA,DCA,0,5,0
1300,US,LGA,DCA,0,5,0
1300,CO,EWR,DCA,0,5,0
1300,RU,EWR,IAD,0,5,0
1300,MQ,LGA,DCA,0,6,0
1300,US,LGA,DCA,0,6,0
1300,CO,EWR,DCA,0,6,0
1300,MQ,LGA,DCA,0,7,0
1300,US,LGA,DCA,0,7,0
1300,CO,EWR,DCA,0,7,0
1300,MQ,LGA,DCA,0,1,0
1300,US,LGA,DCA,0,1,0
1300,CO,EWR,DCA,0,1,1
1300,RU,EWR,IAD,0,1,1
1300,MQ,LGA,DCA,0,2,0
1300,US,LGA,DCA,0,2,0
1300,CO,EWR,DCA,0,2,0
1300,RU,EWR,IAD,0,2,0
1300,MQ,LGA,DCA,0,3,0
1300,US,LGA,DCA,0,3,0
1300,CO,EWR,DCA,0,3,0
1300,RU,EWR,IAD,0,3,0
1300,MQ,LGA,DCA,0,4,0
1300,US,LGA,DCA,0,4,0
1300,CO,EWR,DCA,0,4,0
1300,RU,EWR,IAD,0,4,0
1300,MQ,LGA,DCA,0,5,0
1300,US,LGA,DCA,0,5,0
1300,CO,EWR,DCA,0,5,0
1300,RU,EWR,IAD,0,5,0
1300,MQ,LGA,DCA,0,6,0
1300,US,LGA,DCA,0,6,0
1300,CO,EWR,DCA,0,6,0
1300,MQ,LGA,DCA,0,7,1
1300,US,LGA,DCA,0,7,0
1300,CO,EWR,DCA,0,7,0
1300,MQ,LGA,DCA,0,1,0
1300,US,LGA,DCA,0,1,0
1300,CO,EWR,DCA,0,1,0
1300,RU,EWR,IAD,0,1,0
1300,MQ,LGA,DCA,0,2,0
1300,US,LGA,DCA,0,2,0
1300,CO,EWR,DCA,0,2,0
1300,RU,EWR,IAD,0,2,0
1300,MQ,LGA,DCA,0,3,0
1300,US,LGA,DCA,0,3,0
1300,CO,EWR,DCA,0,3,0
1300,RU,EWR,IAD,0,3,0
1300,MQ,LGA,DCA,0,4,1
1300,CO,EWR,DCA,0,4,0
1300,RU,EWR,IAD,0,4,1
1300,MQ,LGA,DCA,0,5,1
1300,US,LGA,DCA,0,5,0
1300,CO,EWR,DCA,0,5,1
1300,RU,EWR,IAD,0,5,1
1300,MQ,LGA,DCA,0,6,0
1300,US,LGA,DCA,0,6,0
1300,CO,EWR,DCA,0,6,0
1300,MQ,LGA,DCA,0,7,1
1300,US,LGA,DCA,0,7,1
1300,CO,EWR,DCA,0,7,0
1300,MQ,LGA,DCA,0,1,0
1300,US,LGA,DCA,0,1,0
1300,CO,EWR,DCA,0,1,0
1300,RU,EWR,IAD,0,1,0
1300,MQ,LGA,DCA,0,2,0
1300,US,LGA,DCA,0,2,0
1300,CO,EWR,DCA,0,2,0
1300,RU,EWR,IAD,0,2,0
1300,MQ,LGA,DCA,0,3,0
1300,US,LGA,DCA,0,3,0
1300,CO,EWR,DCA,0,3,0
1300,RU,EWR,IAD,0,3,0
1300,MQ,LGA,DCA,0,4,0
1300,US,LGA,DCA,0,4,0
1300,CO,EWR,DCA,0,4,0
1300,RU,EWR,IAD,0,4,0
1300,MQ,LGA,DCA,0,5,1
1300,US,LGA,DCA,0,5,1
1300,CO,EWR,DCA,0,5,0
1300,RU,EWR,IAD,0,5,0
1300,MQ,LGA,DCA,0,6,0
1300,US,LGA,DCA,0,6,0
1300,CO,EWR,DCA,0,6,0
1300,MQ,LGA,DCA,0,7,0
1300,US,LGA,DCA,0,7,0
1300,CO,EWR,DCA,0,7,0
1300,MQ,LGA,DCA,1,1,1
1300,CO,EWR,DCA,0,1,0
1300,RU,EWR,IAD,0,1,0
1300,US,LGA,DCA,0,2,0
1300,CO,EWR,DCA,0,2,1
1300,US,LGA,DCA,0,3,0
1300,CO,EWR,DCA,0,3,0
1300,MQ,LGA,DCA,0,4,0
1300,US,LGA,DCA,0,4,0
1300,CO,EWR,DCA,0,4,0
1300,RU,EWR,IAD,0,4,0
1300,MQ,LGA,DCA,0,5,0
1300,US,LGA,DCA,0,5,0
1300,CO,EWR,DCA,0,5,0
1300,RU,EWR,IAD,0,5,0
1300,MQ,LGA,DCA,0,6,0
1300,US,LGA,DCA,0,6,0
1300,CO,EWR,DCA,0,6,0
1315,RU,EWR,BWI,0,7,1
1315,RU,EWR,BWI,0,7,0
1315,RU,EWR,BWI,0,7,1
1315,RU,EWR,BWI,0,7,0
1330,DL,LGA,DCA,0,1,0
1330,DL,LGA,DCA,0,2,0
1330,DL,LGA,DCA,0,3,0
1330,DL,LGA,DCA,0,4,0
1330,DL,LGA,DCA,0,5,0
1330,DL,LGA,DCA,0,7,0
1330,DL,LGA,DCA,0,1,0
1330,DL,LGA,DCA,0,2,0
1330,DL,LGA,DCA,0,3,0
1330,DL,LGA,DCA,0,4,0
1330,DL,LGA,DCA,0,5,0
1330,DL,LGA,DCA,0,2,0
1330,DL,LGA,DCA,0,3,0
1330,DL,LGA,DCA,0,4,0
1330,DL,LGA,DCA,0,7,0
1330,DL,LGA,DCA,0,1,0
1330,DL,LGA,DCA,0,3,0
1330,DL,LGA,DCA,0,4,0
1330,DL,LGA,DCA,0,5,0
1359,RU,EWR,DCA,0,2,0
1359,RU,EWR,DCA,0,3,0
1359,RU,EWR,DCA,0,4,0
1359,RU,EWR,DCA,0,5,0
1359,RU,EWR,DCA,0,6,0
1359,RU,EWR,DCA,0,7,0
1359,RU,EWR,DCA,0,1,0
1359,RU,EWR,DCA,0,2,0
1359,RU,EWR,DCA,0,3,0
1359,RU,EWR,DCA,0,4,0
1359,RU,EWR,DCA,0,5,1
1359,RU,EWR,DCA,0,6,0
1359,RU,EWR,DCA,0,7,1
1359,RU,EWR,DCA,0,1,0
1359,RU,EWR,DCA,0,2,0
1359,RU,EWR,DCA,0,3,0
1359,RU,EWR,DCA,0,4,0
1359,RU,EWR,DCA,0,5,0
1359,RU,EWR,DCA,0,6,0
1359,RU,EWR,DCA,0,7,0
1359,RU,EWR,DCA,0,1,0
1359,RU,EWR,DCA,0,3,0
1359,RU,EWR,DCA,0,4,1
1359,RU,EWR,DCA,0,5,1
1359,RU,EWR,DCA,0,6,0
1400,MQ,LGA,DCA,0,4,0
1400,RU,EWR,DCA,0,4,0
1400,MQ,LGA,DCA,0,5,0
1400,RU,EWR,DCA,0,5,0
1400,RU,EWR,DCA,0,6,0
1400,US,LGA,DCA,0,7,0
1400,RU,EWR,DCA,0,7,1
1400,US,LGA,DCA,0,1,0
1400,RU,EWR,DCA,0,1,1
1400,MQ,LGA,DCA,0,2,0
1400,US,LGA,DCA,0,2,0
1400,MQ,LGA,DCA,0,3,0
1400,US,LGA,DCA,0,3,0
1400,MQ,LGA,DCA,0,4,0
1400,US,LGA,DCA,0,4,0
1400,MQ,LGA,DCA,0,5,0
1400,US,LGA,DCA,0,5,0
1400,US,LGA,DCA,0,7,0
1400,US,LGA,DCA,0,1,0
1400,MQ,LGA,DCA,0,2,0
1400,US,LGA,DCA,0,2,0
1400,US,LGA,DCA,0,3,0
1400,MQ,LGA,DCA,0,4,0
1400,US,LGA,DCA,0,4,0
1400,MQ,LGA,DCA,0,5,1
1400,US,LGA,DCA,0,5,0
1400,US,LGA,DCA,0,7,0
1400,MQ,LGA,DCA,0,1,0
1400,US,LGA,DCA,0,1,0
1400,MQ,LGA,DCA,0,2,0
1400,US,LGA,DCA,0,2,0
1400,MQ,LGA,DCA,0,3,0
1400,US,LGA,DCA,0,3,0
1400,MQ,LGA,DCA,0,4,0
1400,US,LGA,DCA,0,4,0
1400,MQ,LGA,DCA,0,5,0
1400,US,LGA,DCA,0,5,0
1400,US,LGA,DCA,0,7,0
1400,US,LGA,DCA,0,1,0
1400,MQ,LGA,DCA,1,2,1
1400,US,LGA,DCA,0,2,0
1400,MQ,LGA,DCA,0,3,1
1400,MQ,LGA,DCA,0,4,1
1400,US,LGA,DCA,0,4,0
1400,MQ,LGA,DCA,0,5,0
1400,US,LGA,DCA,0,5,0
1430,DL,LGA,DCA,0,4,0
1430,DL,LGA,DCA,0,5,0
1430,DH,EWR,IAD,0,5,1
1430,DL,LGA,DCA,0,6,0
1430,DL,LGA,DCA,0,7,0
1430,DH,EWR,IAD,0,7,1
1430,DL,LGA,DCA,0,1,0
1430,DH,EWR,IAD,0,1,1
1430,DL,LGA,DCA,0,2,0
1430,DH,EWR,IAD,0,2,0
1430,DL,LGA,DCA,0,3,0
1430,DH,EWR,IAD,0,3,0
1430,DL,LGA,DCA,0,4,0
1430,DH,EWR,IAD,0,4,0
1430,DL,LGA,DCA,0,5,0
1430,DH,EWR,IAD,0,5,0
1430,DL,LGA,DCA,0,6,0
1430,DL,LGA,DCA,0,7,0
1430,DH,EWR,IAD,0,7,1
1430,DL,LGA,DCA,0,1,0
1430,DH,EWR,IAD,0,1,0
1430,DL,LGA,DCA,0,2,0
1430,DH,EWR,IAD,0,2,1
1430,DL,LGA,DCA,0,3,0
1430,DH,EWR,IAD,0,3,1
1430,DL,LGA,DCA,0,4,0
1430,DL,LGA,DCA,0,5,0
1430,DL,LGA,DCA,0,6,0
1430,DL,LGA,DCA,0,7,0
1430,DL,LGA,DCA,0,1,0
1430,DH,EWR,IAD,0,1,0
1430,DL,LGA,DCA,0,2,0
1430,DH,EWR,IAD,0,2,0
1430,DL,LGA,DCA,0,3,0
1430,DH,EWR,IAD,0,3,0
1430,DL,LGA,DCA,0,4,1
1430,DH,EWR,IAD,0,4,0
1430,DL,LGA,DCA,0,5,0
1430,DH,EWR,IAD,0,5,0
1430,DL,LGA,DCA,0,6,0
1430,DL,LGA,DCA,0,7,0
1430,DH,EWR,IAD,0,7,1
1430,DL,LGA,DCA,0,1,1
1430,DH,EWR,IAD,1,1,1
1430,DL,LGA,DCA,0,2,0
1430,DH,EWR,IAD,1,2,1
1430,DH,EWR,IAD,0,3,0
1430,DL,LGA,DCA,0,4,0
1430,DH,EWR,IAD,0,4,0
1430,DL,LGA,DCA,0,5,0
1430,DH,EWR,IAD,0,5,0
1430,DL,LGA,DCA,0,6,0
1455,OH,JFK,BWI,0,4,0
1455,DL,JFK,DCA,0,4,0
1455,RU,EWR,BWI,0,4,0
1455,OH,JFK,BWI,0,5,0
1455,DH,LGA,IAD,0,5,1
1455,DH,JFK,IAD,0,5,0
1455,DL,JFK,DCA,0,5,0
1455,RU,EWR,BWI,0,5,0
1455,DH,JFK,IAD,0,6,0
1455,DL,JFK,DCA,0,6,1
1455,RU,EWR,BWI,0,6,0
1455,OH,JFK,BWI,0,7,1
1455,DH,LGA,IAD,0,7,1
1455,DH,JFK,IAD,0,7,0
1455,DL,JFK,DCA,0,7,0
1455,RU,EWR,BWI,0,7,1
1455,OH,JFK,BWI,0,1,1
1455,DH,LGA,IAD,0,1,1
1455,DL,JFK,DCA,0,1,0
1455,RU,EWR,BWI,0,1,1
1455,OH,JFK,BWI,0,2,0
1455,DH,LGA,IAD,0,2,0
1455,DH,JFK,IAD,0,2,0
1455,DL,JFK,DCA,0,2,0
1455,RU,EWR,BWI,0,2,0
1455,OH,JFK,BWI,0,3,0
1455,DH,LGA,IAD,0,3,0
1455,DH,JFK,IAD,0,3,0
1455,DL,JFK,DCA,0,3,0
1455,RU,EWR,BWI,0,3,0
1455,OH,JFK,BWI,0,4,0
1455,DH,LGA,IAD,0,4,1
1455,DH,JFK,IAD,0,4,0
1455,DL,JFK,DCA,0,4,1
1455,RU,EWR,BWI,0,4,0
1455,OH,JFK,BWI,0,5,0
1455,DH,LGA,IAD,0,5,1
1455,DH,JFK,IAD,0,5,0
1455,DL,JFK,DCA,0,5,0
1455,RU,EWR,BWI,0,5,0
1455,OH,JFK,BWI,0,6,0
1455,DL,JFK,DCA,0,6,1
1455,RU,EWR,BWI,0,6,0
1455,OH,JFK,BWI,0,7,0
1455,DH,LGA,IAD,0,7,0
1455,DH,JFK,IAD,0,7,1
1455,DL,JFK,DCA,0,7,1
1455,RU,EWR,BWI,0,7,0
1455,OH,JFK,BWI,0,1,0
1455,DH,LGA,IAD,0,1,0
1455,DH,JFK,IAD,0,1,1
1455,DL,JFK,DCA,0,1,0
1455,RU,EWR,BWI,0,1,1
1455,OH,JFK,BWI,0,2,0
1455,DH,JFK,IAD,0,2,0
1455,DL,JFK,DCA,0,2,0
1455,RU,EWR,BWI,0,2,1
1455,OH,JFK,BWI,0,3,0
1455,DH,JFK,IAD,0,3,0
1455,DL,JFK,DCA,0,3,0
1455,RU,EWR,BWI,0,3,0
1455,OH,JFK,BWI,0,4,0
1455,DH,LGA,IAD,0,4,1
1455,DH,JFK,IAD,0,4,0
1455,DL,JFK,DCA,0,4,0
1455,RU,EWR,BWI,0,4,0
1455,OH,JFK,BWI,0,5,0
1455,DH,LGA,IAD,0,5,1
1455,DH,JFK,IAD,0,5,0
1455,DL,JFK,DCA,0,5,1
1455,RU,EWR,BWI,0,5,1
1455,OH,JFK,BWI,0,6,0
1455,DL,JFK,DCA,0,6,1
1455,RU,EWR,BWI,0,6,0
1455,OH,JFK,BWI,0,7,0
1455,DH,LGA,IAD,0,7,1
1455,DH,JFK,IAD,0,7,1
1455,DL,JFK,DCA,0,7,1
1455,RU,EWR,BWI,0,7,1
1455,OH,JFK,BWI,0,1,0
1455,DH,LGA,IAD,0,1,0
1455,DH,JFK,IAD,0,1,0
1455,DL,JFK,DCA,0,1,1
1455,RU,EWR,BWI,0,1,0
1455,OH,JFK,BWI,0,2,0
1455,DH,LGA,IAD,0,2,0
1455,DH,JFK,IAD,0,2,0
1455,DL,JFK,DCA,0,2,1
1455,RU,EWR,BWI,0,2,0
1455,OH,JFK,BWI,0,3,0
1455,DH,LGA,IAD,0,3,0
1455,DH,JFK,IAD,0,3,0
1455,DL,JFK,DCA,0,3,0
1455,RU,EWR,BWI,0,3,0
1455,OH,JFK,BWI,0,4,1
1455,DH,LGA,IAD,0,4,1
1455,DH,JFK,IAD,0,4,0
1455,DL,JFK,DCA,0,4,0
1455,RU,EWR,BWI,0,4,0
1455,OH,JFK,BWI,0,5,1
1455,DH,JFK,IAD,0,5,0
1455,DL,JFK,DCA,0,5,0
1455,RU,EWR,BWI,0,5,1
1455,OH,JFK,BWI,0,6,0
1455,DL,JFK,DCA,0,6,1
1455,RU,EWR,BWI,0,6,0
1455,OH,JFK,BWI,0,7,0
1455,DH,LGA,IAD,0,7,0
1455,DH,JFK,IAD,0,7,0
1455,DL,JFK,DCA,0,7,1
1455,RU,EWR,BWI,0,7,0
1455,OH,JFK,BWI,0,1,0
1455,DH,LGA,IAD,0,1,1
1455,DH,JFK,IAD,0,1,1
1455,DL,JFK,DCA,1,1,1
1455,RU,EWR,BWI,0,1,0
1455,OH,JFK,BWI,0,2,0
1455,DH,LGA,IAD,1,2,1
1455,DH,JFK,IAD,1,2,1
1455,DL,JFK,DCA,0,2,1
1455,OH,JFK,BWI,0,3,0
1455,DH,LGA,IAD,0,3,1
1455,DH,JFK,IAD,0,3,0
1455,DL,JFK,DCA,0,3,0
1455,RU,EWR,BWI,0,3,0
1455,OH,JFK,BWI,0,4,0
1455,DH,LGA,IAD,0,4,1
1455,DH,JFK,IAD,0,4,0
1455,DL,JFK,DCA,0,4,1
1455,RU,EWR,BWI,0,4,0
1455,OH,JFK,BWI,0,5,0
1455,DH,LGA,IAD,0,5,1
1455,DH,JFK,IAD,0,5,0
1455,DL,JFK,DCA,0,5,1
1455,RU,EWR,BWI,0,5,1
1455,OH,JFK,BWI,0,6,0
1455,DL,JFK,DCA,0,6,0
1455,RU,EWR,BWI,0,6,0
1500,MQ,LGA,DCA,0,4,0
1500,US,LGA,DCA,0,4,0
1500,MQ,LGA,DCA,0,5,0
1500,US,LGA,DCA,0,5,0
1500,US,LGA,DCA,0,6,0
1500,MQ,LGA,DCA,0,7,1
1500,US,LGA,DCA,0,7,0
1500,US,LGA,DCA,0,1,0
1500,MQ,LGA,DCA,0,2,1
1500,US,LGA,DCA,0,2,0
1500,RU,EWR,IAD,0,2,0
1500,MQ,LGA,DCA,0,3,1
1500,US,LGA,DCA,0,3,1
1500,RU,EWR,IAD,0,3,1
1500,MQ,LGA,DCA,0,4,0
1500,US,LGA,DCA,0,4,0
1500,RU,EWR,IAD,0,4,0
1500,MQ,LGA,DCA,0,5,0
1500,US,LGA,DCA,0,5,0
1500,RU,EWR,IAD,0,5,0
1500,US,LGA,DCA,0,6,0
1500,RU,EWR,IAD,0,6,0
1500,MQ,LGA,DCA,0,7,0
1500,US,LGA,DCA,0,7,0
1500,RU,EWR,IAD,0,7,0
1500,MQ,LGA,DCA,0,1,0
1500,US,LGA,DCA,0,1,0
1500,RU,EWR,IAD,0,1,0
1500,MQ,LGA,DCA,0,2,0
1500,US,LGA,DCA,0,2,0
1500,RU,EWR,IAD,0,2,0
1500,MQ,LGA,DCA,0,3,0
1500,US,LGA,DCA,0,3,0
1500,RU,EWR,IAD,0,3,0
1500,MQ,LGA,DCA,0,4,0
1500,US,LGA,DCA,0,4,0
1500,RU,EWR,IAD,0,4,0
1500,US,LGA,DCA,0,5,0
1500,RU,EWR,IAD,0,5,1
1500,US,LGA,DCA,0,6,0
1500,RU,EWR,IAD,0,6,0
1500,MQ,LGA,DCA,0,7,1
1500,RU,EWR,IAD,0,7,1
1500,MQ,LGA,DCA,0,1,1
1500,US,LGA,DCA,0,1,0
1500,RU,EWR,IAD,0,1,0
1500,MQ,LGA,DCA,0,2,0
1500,US,LGA,DCA,0,2,0
1500,RU,EWR,IAD,0,2,0
1500,MQ,LGA,DCA,0,3,0
1500,US,LGA,DCA,0,3,0
1500,RU,EWR,IAD,0,3,1
1500,MQ,LGA,DCA,0,4,0
1500,US,LGA,DCA,0,4,0
1500,RU,EWR,IAD,0,4,0
1500,US,LGA,DCA,0,5,0
1500,RU,EWR,IAD,0,5,0
1500,US,LGA,DCA,0,6,0
1500,RU,EWR,IAD,0,6,0
1500,MQ,LGA,DCA,0,7,1
1500,US,LGA,DCA,0,7,0
1500,RU,EWR,IAD,0,7,0
1500,RU,EWR,IAD,0,1,1
1500,MQ,LGA,DCA,0,2,0
1500,US,LGA,DCA,0,2,0
1500,RU,EWR,IAD,0,2,1
1500,MQ,LGA,DCA,0,3,0
1500,US,LGA,DCA,0,3,1
1500,RU,EWR,IAD,0,3,0
1500,MQ,LGA,DCA,0,4,1
1500,US,LGA,DCA,0,4,0
1500,RU,EWR,IAD,0,4,0
1500,MQ,LGA,DCA,0,5,0
1500,US,LGA,DCA,0,5,0
1500,RU,EWR,IAD,0,5,1
1500,US,LGA,DCA,0,6,0
1500,RU,EWR,IAD,0,6,0
1515,RU,EWR,IAD,0,4,0
1515,RU,EWR,IAD,0,5,1
1515,RU,EWR,IAD,0,6,0
1515,RU,EWR,IAD,0,7,1
1515,RU,EWR,IAD,0,1,1
1520,MQ,JFK,DCA,0,6,0
1525,RU,EWR,DCA,0,4,0
1525,RU,EWR,DCA,0,5,0
1525,RU,EWR,DCA,0,1,1
1525,RU,EWR,DCA,0,2,1
1525,RU,EWR,DCA,0,3,0
1525,RU,EWR,DCA,0,4,0
1525,RU,EWR,DCA,0,5,0
1525,RU,EWR,DCA,0,1,0
1525,RU,EWR,DCA,0,2,0
1525,RU,EWR,DCA,0,3,0
1525,RU,EWR,DCA,0,4,0
1525,RU,EWR,DCA,0,5,1
1525,RU,EWR,DCA,0,1,0
1525,RU,EWR,DCA,0,2,1
1525,RU,EWR,DCA,0,3,1
1525,RU,EWR,DCA,0,4,0
1525,RU,EWR,DCA,0,5,1
1525,RU,EWR,DCA,1,1,1
1525,RU,EWR,DCA,0,3,0
1525,RU,EWR,DCA,0,4,1
1525,RU,EWR,DCA,0,5,1
1530,MQ,JFK,DCA,0,4,0
1530,MQ,JFK,DCA,0,5,0
1530,MQ,JFK,DCA,0,6,1
1530,MQ,JFK,DCA,0,7,1
1530,MQ,JFK,DCA,0,1,0
1530,DL,LGA,DCA,0,2,0
1530,MQ,JFK,DCA,0,2,0
1530,DL,LGA,DCA,0,3,0
1530,MQ,JFK,DCA,0,3,0
1530,DL,LGA,DCA,0,4,0
1530,MQ,JFK,DCA,0,4,0
1530,DL,LGA,DCA,0,5,0
1530,MQ,JFK,DCA,0,5,0
1530,MQ,JFK,DCA,0,6,0
1530,DL,LGA,DCA,0,7,0
1530,MQ,JFK,DCA,0,7,0
1530,DL,LGA,DCA,0,1,0
1530,MQ,JFK,DCA,0,1,0
1530,DL,LGA,DCA,0,2,0
1530,MQ,JFK,DCA,0,2,0
1530,DL,LGA,DCA,0,3,1
1530,MQ,JFK,DCA,0,3,0
1530,DL,LGA,DCA,0,4,0
1530,MQ,JFK,DCA,0,4,0
1530,DL,LGA,DCA,0,5,0
1530,MQ,JFK,DCA,0,5,0
1530,MQ,JFK,DCA,0,6,0
1530,MQ,JFK,DCA,0,7,1
1530,DL,LGA,DCA,0,1,0
1530,MQ,JFK,DCA,0,1,0
1530,DL,LGA,DCA,0,2,0
1530,MQ,JFK,DCA,0,2,0
1530,DL,LGA,DCA,0,3,0
1530,MQ,JFK,DCA,0,3,0
1530,DL,LGA,DCA,0,4,0
1530,MQ,JFK,DCA,0,4,0
1530,DL,LGA,DCA,0,5,0
1530,MQ,JFK,DCA,0,5,1
1530,MQ,JFK,DCA,0,6,0
1530,DL,LGA,DCA,0,7,0
1530,MQ,JFK,DCA,0,7,1
1530,DL,LGA,DCA,1,1,1
1530,MQ,JFK,DCA,1,1,1
1530,MQ,JFK,DCA,0,2,1
1530,DL,LGA,DCA,0,3,0
1530,MQ,JFK,DCA,0,3,0
1530,DL,LGA,DCA,0,4,0
1530,MQ,JFK,DCA,0,4,1
1530,DL,LGA,DCA,0,5,0
1530,MQ,JFK,DCA,0,5,0
1600,RU,EWR,DCA,0,6,0
1600,US,LGA,DCA,0,7,0
1600,MQ,LGA,DCA,0,1,1
1600,US,LGA,DCA,0,1,0
1600,MQ,LGA,DCA,0,2,0
1600,US,LGA,DCA,0,2,0
1600,MQ,LGA,DCA,0,3,1
1600,US,LGA,DCA,0,3,1
1600,MQ,LGA,DCA,0,4,0
1600,US,LGA,DCA,0,4,0
1600,MQ,LGA,DCA,0,5,1
1600,US,LGA,DCA,0,5,0
1600,RU,EWR,DCA,0,6,0
1600,US,LGA,DCA,0,7,0
1600,MQ,LGA,DCA,0,1,0
1600,US,LGA,DCA,0,1,0
1600,MQ,LGA,DCA,0,2,1
1600,US,LGA,DCA,0,2,1
1600,MQ,LGA,DCA,0,3,0
1600,US,LGA,DCA,0,3,0
1600,MQ,LGA,DCA,0,4,1
1600,US,LGA,DCA,0,4,0
1600,MQ,LGA,DCA,0,5,1
1600,US,LGA,DCA,0,5,0
1600,RU,EWR,DCA,0,6,0
1600,US,LGA,DCA,0,7,1
1600,MQ,LGA,DCA,0,1,0
1600,US,LGA,DCA,0,1,0
1600,MQ,LGA,DCA,0,2,0
1600,US,LGA,DCA,0,2,0
1600,MQ,LGA,DCA,0,3,0
1600,US,LGA,DCA,0,3,0
1600,MQ,LGA,DCA,0,4,0
1600,US,LGA,DCA,0,4,0
1600,RU,EWR,DCA,0,6,0
1600,US,LGA,DCA,0,7,0
1600,US,LGA,DCA,0,1,0
1600,MQ,LGA,DCA,1,2,1
1600,US,LGA,DCA,0,2,0
1600,MQ,LGA,DCA,0,3,0
1600,US,LGA,DCA,0,3,1
1600,US,LGA,DCA,0,4,0
1600,MQ,LGA,DCA,0,5,1
1600,US,LGA,DCA,0,5,0
1600,RU,EWR,DCA,0,6,0
1605,RU,EWR,BWI,0,7,1
1610,DH,JFK,IAD,0,5,0
1610,DH,JFK,IAD,0,6,0
1610,DH,JFK,IAD,0,7,0
1610,DH,JFK,IAD,0,1,1
1610,DH,JFK,IAD,0,2,0
1610,DH,JFK,IAD,0,3,0
1610,DH,JFK,IAD,0,4,0
1610,DH,JFK,IAD,0,5,0
1610,DH,JFK,IAD,0,7,0
1610,DH,JFK,IAD,0,2,1
1610,DH,JFK,IAD,0,3,0
1610,DH,JFK,IAD,0,4,0
1610,DH,JFK,IAD,0,5,0
1610,DH,JFK,IAD,0,7,1
1610,DH,JFK,IAD,0,1,0
1610,DH,JFK,IAD,0,2,0
1610,DH,JFK,IAD,0,3,0
1610,DH,JFK,IAD,0,4,0
1610,DH,JFK,IAD,0,5,0
1610,DH,JFK,IAD,0,7,0
1610,DH,JFK,IAD,0,1,0
1610,DH,JFK,IAD,0,3,0
1610,DH,JFK,IAD,0,4,0
1610,DH,JFK,IAD,0,5,0
1630,RU,EWR,DCA,0,4,0
1630,RU,EWR,DCA,0,5,0
1630,DL,LGA,DCA,0,6,0
1630,DL,LGA,DCA,0,7,0
1630,CO,EWR,DCA,0,7,1
1630,DL,LGA,DCA,0,1,0
1630,DL,LGA,DCA,0,2,0
1630,RU,EWR,DCA,0,2,0
1630,DL,LGA,DCA,0,3,0
1630,RU,EWR,DCA,0,3,0
1630,DL,LGA,DCA,0,4,0
1630,RU,EWR,DCA,0,4,0
1630,DL,LGA,DCA,0,5,0
1630,RU,EWR,DCA,0,5,0
1630,DL,LGA,DCA,0,6,0
1630,DL,LGA,DCA,0,7,0
1630,CO,EWR,DCA,0,7,0
1630,DL,LGA,DCA,0,1,0
1630,RU,EWR,DCA,0,1,0
1630,DL,LGA,DCA,0,2,1
1630,RU,EWR,DCA,0,2,0
1630,DL,LGA,DCA,0,3,0
1630,RU,EWR,DCA,0,3,0
1630,DL,LGA,DCA,0,4,0
1630,RU,EWR,DCA,0,4,0
1630,DL,LGA,DCA,0,5,0
1630,RU,EWR,DCA,0,5,1
1630,DL,LGA,DCA,0,6,1
1630,DL,LGA,DCA,0,7,0
1630,CO,EWR,DCA,0,7,1
1630,DL,LGA,DCA,0,1,0
1630,RU,EWR,DCA,0,1,0
1630,DL,LGA,DCA,0,2,1
1630,RU,EWR,DCA,0,2,0
1630,DL,LGA,DCA,0,3,1
1630,RU,EWR,DCA,0,3,1
1630,DL,LGA,DCA,0,4,1
1630,RU,EWR,DCA,0,4,0
1630,DL,LGA,DCA,0,5,0
1630,RU,EWR,DCA,0,5,0
1630,DL,LGA,DCA,0,6,0
1630,DL,LGA,DCA,0,7,0
1630,CO,EWR,DCA,0,7,0
1630,DL,LGA,DCA,0,1,0
1630,DL,LGA,DCA,0,2,1
1630,RU,EWR,DCA,0,3,0
1630,DL,LGA,DCA,0,4,0
1630,RU,EWR,DCA,0,4,0
1630,DL,LGA,DCA,0,5,0
1630,RU,EWR,DCA,0,5,0
1630,DL,LGA,DCA,0,6,0
1640,DH,JFK,DCA,0,4,0
1640,DH,JFK,DCA,0,5,0
1640,DH,JFK,DCA,0,7,0
1640,DH,JFK,DCA,0,1,1
1640,DH,JFK,DCA,0,3,0
1640,DH,JFK,DCA,0,4,1
1640,DH,JFK,DCA,0,5,0
1640,DH,JFK,DCA,0,6,1
1640,DH,JFK,DCA,0,7,0
1640,DH,JFK,DCA,0,1,0
1640,DH,JFK,DCA,0,2,0
1640,DH,JFK,DCA,0,3,0
1640,DH,JFK,DCA,0,4,0
1640,DH,JFK,DCA,0,5,0
1640,DH,JFK,DCA,0,6,0
1640,DH,JFK,DCA,0,7,1
1640,DH,JFK,DCA,0,1,0
1640,DH,JFK,DCA,0,2,0
1640,DH,JFK,DCA,0,4,0
1640,DH,JFK,DCA,0,5,0
1640,DH,JFK,DCA,0,6,0
1640,DH,JFK,DCA,0,7,0
1640,DH,JFK,DCA,0,2,1
1640,DH,JFK,DCA,0,3,0
1640,DH,JFK,DCA,0,4,0
1640,DH,JFK,DCA,0,5,0
1640,DH,JFK,DCA,0,6,0
1645,DH,JFK,IAD,0,4,0
1645,DH,JFK,IAD,0,5,0
1645,DH,JFK,IAD,0,6,0
1645,DH,JFK,IAD,0,7,0
1645,DH,JFK,IAD,0,1,0
1645,DH,JFK,IAD,0,2,0
1645,DH,JFK,IAD,0,3,0
1645,DH,JFK,IAD,0,4,0
1645,DH,JFK,IAD,0,5,0
1645,DH,JFK,IAD,0,6,0
1645,DH,JFK,IAD,0,7,0
1645,DH,JFK,IAD,0,1,0
1645,DH,JFK,IAD,0,2,0
1645,DH,JFK,IAD,0,3,0
1645,DH,JFK,IAD,0,4,0
1645,DH,JFK,IAD,0,5,0
1645,DH,JFK,IAD,0,6,0
1645,DH,JFK,IAD,0,7,0
1645,DH,JFK,IAD,0,1,0
1645,DH,JFK,IAD,0,2,0
1645,DH,JFK,IAD,0,3,0
1645,DH,JFK,IAD,0,4,0
1645,DH,JFK,IAD,0,5,0
1645,DH,JFK,IAD,0,6,0
1645,DH,JFK,IAD,0,7,0
1645,DH,JFK,IAD,0,1,1
1645,DH,JFK,IAD,0,3,0
1645,DH,JFK,IAD,0,4,0
1645,DH,JFK,IAD,0,5,0
1645,DH,JFK,IAD,0,6,0
1700,US,LGA,DCA,0,4,0
1700,RU,EWR,IAD,0,4,0
1700,US,LGA,DCA,0,5,0
1700,RU,EWR,IAD,0,5,0
1700,US,LGA,DCA,0,6,0
1700,MQ,LGA,DCA,0,7,0
1700,US,LGA,DCA,0,7,0
1700,MQ,LGA,DCA,0,1,0
1700,US,LGA,DCA,0,1,0
1700,MQ,LGA,DCA,0,2,0
1700,US,LGA,DCA,0,2,0
1700,RU,EWR,IAD,0,2,0
1700,US,LGA,DCA,0,3,0
1700,RU,EWR,IAD,0,3,0
1700,US,LGA,DCA,0,4,1
1700,RU,EWR,IAD,0,4,0
1700,MQ,LGA,DCA,0,5,0
1700,US,LGA,DCA,0,5,0
1700,RU,EWR,IAD,0,5,0
1700,US,LGA,DCA,0,6,0
1700,RU,EWR,IAD,0,6,0
1700,MQ,LGA,DCA,0,7,0
1700,US,LGA,DCA,0,7,0
1700,RU,EWR,IAD,0,7,0
1700,MQ,LGA,DCA,0,1,0
1700,US,LGA,DCA,0,1,1
1700,RU,EWR,IAD,0,1,0
1700,MQ,LGA,DCA,0,2,1
1700,US,LGA,DCA,0,2,0
1700,RU,EWR,IAD,0,2,0
1700,MQ,LGA,DCA,0,3,0
1700,US,LGA,DCA,0,3,0
1700,RU,EWR,IAD,0,3,0
1700,MQ,LGA,DCA,0,4,1
1700,US,LGA,DCA,0,4,0
1700,MQ,LGA,DCA,0,5,1
1700,US,LGA,DCA,0,5,0
1700,RU,EWR,IAD,0,5,1
1700,US,LGA,DCA,0,6,0
1700,RU,EWR,IAD,0,6,0
1700,MQ,LGA,DCA,0,7,1
1700,MQ,LGA,DCA,0,1,0
1700,US,LGA,DCA,0,1,0
1700,RU,EWR,IAD,0,1,0
1700,US,LGA,DCA,0,2,0
1700,RU,EWR,IAD,0,2,0
1700,MQ,LGA,DCA,0,3,0
1700,US,LGA,DCA,0,3,0
1700,RU,EWR,IAD,0,3,0
1700,MQ,LGA,DCA,0,4,0
1700,US,LGA,DCA,0,4,0
1700,RU,EWR,IAD,0,4,0
1700,MQ,LGA,DCA,0,5,0
1700,US,LGA,DCA,0,5,0
1700,RU,EWR,IAD,0,5,0
1700,US,LGA,DCA,0,6,0
1700,RU,EWR,IAD,0,6,0
1700,MQ,LGA,DCA,0,7,0
1700,US,LGA,DCA,0,7,0
1700,RU,EWR,IAD,0,7,0
1700,US,LGA,DCA,0,1,0
1700,RU,EWR,IAD,0,1,1
1700,US,LGA,DCA,0,2,0
1700,MQ,LGA,DCA,0,3,1
1700,US,LGA,DCA,0,3,0
1700,RU,EWR,IAD,0,3,0
1700,MQ,LGA,DCA,0,4,0
1700,US,LGA,DCA,0,4,0
1700,RU,EWR,IAD,0,4,0
1700,MQ,LGA,DCA,0,5,0
1700,US,LGA,DCA,0,5,1
1700,RU,EWR,IAD,0,5,1
1700,US,LGA,DCA,0,6,0
1700,RU,EWR,IAD,0,6,0
1710,DH,EWR,IAD,0,4,0
1710,DH,EWR,IAD,0,6,0
1710,DH,EWR,IAD,0,7,1
1710,DH,EWR,IAD,0,1,1
1710,DH,EWR,IAD,0,2,0
1710,DH,EWR,IAD,0,3,0
1710,DH,EWR,IAD,0,4,0
1710,DH,EWR,IAD,0,5,0
1710,DH,EWR,IAD,0,6,0
1710,DH,EWR,IAD,0,7,0
1710,DH,EWR,IAD,0,1,0
1710,DH,EWR,IAD,0,2,0
1710,DH,EWR,IAD,0,3,0
1710,DH,EWR,IAD,0,5,0
1710,DH,EWR,IAD,0,6,0
1710,DH,EWR,IAD,0,7,1
1710,DH,EWR,IAD,0,1,0
1710,DH,EWR,IAD,0,2,0
1710,DH,EWR,IAD,0,3,1
1710,DH,EWR,IAD,0,4,0
1710,DH,EWR,IAD,0,5,1
1710,DH,EWR,IAD,0,6,0
1710,DH,EWR,IAD,0,7,0
1710,DH,EWR,IAD,1,2,1
1710,DH,EWR,IAD,0,3,1
1710,DH,EWR,IAD,0,4,0
1710,DH,EWR,IAD,0,5,0
1710,DH,EWR,IAD,0,6,0
1715,DH,LGA,IAD,0,4,0
1715,DH,JFK,IAD,0,4,0
1715,DH,LGA,IAD,0,5,0
1715,DH,JFK,IAD,0,5,0
1715,DH,LGA,IAD,0,6,0
1715,DH,JFK,IAD,0,6,0
1715,DH,LGA,IAD,0,7,1
1715,DH,JFK,IAD,0,7,0
1715,DH,LGA,IAD,0,1,1
1715,DH,JFK,IAD,0,1,0
1715,DH,LGA,IAD,0,2,0
1715,DH,JFK,IAD,0,2,1
1715,DH,LGA,IAD,0,3,1
1715,DH,JFK,IAD,0,3,1
1715,DH,LGA,IAD,0,4,1
1715,DH,JFK,IAD,0,4,0
1715,DH,LGA,IAD,0,5,1
1715,DH,JFK,IAD,0,5,0
1715,DH,LGA,IAD,0,6,0
1715,DH,JFK,IAD,0,6,0
1715,DH,LGA,IAD,0,7,0
1715,DH,JFK,IAD,0,7,0
1715,DH,LGA,IAD,0,1,0
1715,DH,JFK,IAD,0,1,0
1715,DH,LGA,IAD,0,2,1
1715,DH,JFK,IAD,0,2,0
1715,DH,LGA,IAD,0,3,0
1715,DH,JFK,IAD,0,3,0
1715,DH,JFK,IAD,0,4,0
1715,DH,LGA,IAD,0,5,1
1715,DH,JFK,IAD,0,5,0
1715,DH,LGA,IAD,0,6,0
1715,DH,JFK,IAD,0,6,1
1715,DH,LGA,IAD,0,7,1
1715,DH,JFK,IAD,0,7,1
1715,DH,LGA,IAD,0,1,0
1715,DH,JFK,IAD,0,1,0
1715,DH,LGA,IAD,0,2,0
1715,DH,JFK,IAD,0,2,0
1715,DH,LGA,IAD,0,3,0
1715,DH,JFK,IAD,0,3,0
1715,DH,LGA,IAD,0,4,0
1715,DH,JFK,IAD,0,4,0
1715,DH,LGA,IAD,0,5,0
1715,DH,JFK,IAD,0,5,0
1715,DH,LGA,IAD,0,6,0
1715,DH,JFK,IAD,0,6,1
1715,DH,LGA,IAD,0,7,1
1715,DH,JFK,IAD,0,7,1
1715,DH,LGA,IAD,0,1,1
1715,DH,JFK,IAD,0,1,1
1715,DH,LGA,IAD,1,2,1
1715,DH,JFK,IAD,1,2,1
1715,DH,LGA,IAD,0,3,0
1715,DH,JFK,IAD,0,3,1
1715,DH,LGA,IAD,0,4,1
1715,DH,JFK,IAD,0,4,0
1715,DH,LGA,IAD,0,5,0
1715,DH,JFK,IAD,0,5,0
1715,DH,LGA,IAD,0,6,0
1715,DH,JFK,IAD,0,6,0
1720,RU,EWR,BWI,0,4,0
1720,RU,EWR,BWI,0,5,0
1720,RU,EWR,BWI,0,6,0
1720,RU,EWR,BWI,0,2,1
1720,RU,EWR,BWI,0,3,1
1720,RU,EWR,BWI,0,4,0
1720,RU,EWR,BWI,0,5,0
1720,RU,EWR,BWI,0,6,0
1720,RU,EWR,BWI,0,7,0
1720,RU,EWR,BWI,0,1,0
1720,RU,EWR,BWI,0,2,1
1720,RU,EWR,BWI,0,3,0
1720,RU,EWR,BWI,0,4,1
1720,RU,EWR,BWI,0,5,1
1720,RU,EWR,BWI,0,6,0
1720,RU,EWR,BWI,0,1,0
1720,RU,EWR,BWI,0,2,1
1720,RU,EWR,BWI,0,3,1
1720,RU,EWR,BWI,0,4,1
1720,RU,EWR,BWI,0,5,0
1720,RU,EWR,BWI,0,6,0
1720,RU,EWR,BWI,0,7,0
1720,RU,EWR,BWI,0,1,1
1720,RU,EWR,BWI,0,3,1
1720,RU,EWR,BWI,0,4,0
1720,RU,EWR,BWI,0,5,1
1720,RU,EWR,BWI,0,6,0
1725,RU,EWR,IAD,0,6,0
1730,DL,LGA,DCA,0,4,0
1730,CO,EWR,DCA,0,4,0
1730,DL,LGA,DCA,0,5,0
1730,CO,EWR,DCA,0,5,0
1730,RU,EWR,DCA,0,6,0
1730,RU,EWR,DCA,0,7,1
1730,DL,LGA,DCA,0,1,0
1730,CO,EWR,DCA,0,1,1
1730,DL,LGA,DCA,0,2,0
1730,CO,EWR,DCA,0,2,1
1730,DL,LGA,DCA,0,3,0
1730,CO,EWR,DCA,0,3,1
1730,DL,LGA,DCA,0,4,0
1730,CO,EWR,DCA,0,4,0
1730,DL,LGA,DCA,0,5,0
1730,CO,EWR,DCA,0,5,0
1730,RU,EWR,DCA,0,6,0
1730,DL,LGA,DCA,0,7,0
1730,RU,EWR,DCA,0,7,0
1730,DL,LGA,DCA,0,1,0
1730,CO,EWR,DCA,0,1,1
1730,DL,LGA,DCA,0,2,0
1730,CO,EWR,DCA,0,2,1
1730,DL,LGA,DCA,0,3,0
1730,CO,EWR,DCA,0,3,1
1730,DL,LGA,DCA,0,4,0
1730,DL,LGA,DCA,0,5,0
1730,CO,EWR,DCA,0,5,1
1730,RU,EWR,DCA,0,6,0
1730,CO,EWR,DCA,0,1,1
1730,DL,LGA,DCA,0,2,0
1730,CO,EWR,DCA,0,2,0
1730,DL,LGA,DCA,0,3,0
1730,CO,EWR,DCA,0,3,1
1730,DL,LGA,DCA,0,4,1
1730,CO,EWR,DCA,0,4,1
1730,DL,LGA,DCA,0,5,0
1730,CO,EWR,DCA,0,5,0
1730,RU,EWR,DCA,0,6,0
1730,DL,LGA,DCA,0,7,0
1730,RU,EWR,DCA,0,7,0
1730,DL,LGA,DCA,0,1,0
1730,CO,EWR,DCA,1,2,1
1730,DL,LGA,DCA,0,3,0
1730,CO,EWR,DCA,0,3,0
1730,DL,LGA,DCA,0,4,0
1730,CO,EWR,DCA,0,4,0
1730,DL,LGA,DCA,0,5,0
1730,CO,EWR,DCA,0,5,0
1730,RU,EWR,DCA,0,6,0
1800,US,LGA,DCA,0,7,0
1800,US,LGA,DCA,0,1,0
1800,US,LGA,DCA,0,2,0
1800,US,LGA,DCA,0,3,0
1800,US,LGA,DCA,0,4,0
1800,US,LGA,DCA,0,5,0
1800,DH,JFK,IAD,0,6,0
1800,US,LGA,DCA,0,7,0
1800,US,LGA,DCA,0,1,0
1800,US,LGA,DCA,0,2,0
1800,US,LGA,DCA,0,3,0
1800,US,LGA,DCA,0,4,0
1800,US,LGA,DCA,0,5,0
1800,DH,JFK,IAD,0,6,1
1800,US,LGA,DCA,0,7,0
1800,US,LGA,DCA,0,1,0
1800,US,LGA,DCA,0,2,0
1800,US,LGA,DCA,0,3,0
1800,US,LGA,DCA,0,4,0
1800,US,LGA,DCA,0,5,0
1800,DH,JFK,IAD,0,6,0
1800,US,LGA,DCA,0,7,0
1800,US,LGA,DCA,0,1,0
1800,US,LGA,DCA,0,3,0
1800,US,LGA,DCA,0,4,0
1800,US,LGA,DCA,0,5,0
1800,DH,JFK,IAD,0,6,0
1830,MQ,JFK,DCA,0,4,0
1830,MQ,JFK,DCA,0,5,0
1830,DL,LGA,DCA,0,6,0
1830,MQ,JFK,DCA,0,6,0
1830,DL,LGA,DCA,0,7,0
1830,MQ,JFK,DCA,0,7,1
1830,DL,LGA,DCA,0,1,0
1830,DL,LGA,DCA,0,2,0
1830,MQ,JFK,DCA,0,2,0
1830,DL,LGA,DCA,0,3,0
1830,MQ,JFK,DCA,0,3,1
1830,DL,LGA,DCA,0,4,0
1830,MQ,JFK,DCA,0,4,0
1830,DL,LGA,DCA,0,5,0
1830,MQ,JFK,DCA,0,5,1
1830,DL,LGA,DCA,0,6,0
1830,MQ,JFK,DCA,0,6,0
1830,DL,LGA,DCA,0,7,0
1830,MQ,JFK,DCA,0,7,1
1830,DL,LGA,DCA,0,1,0
1830,MQ,JFK,DCA,0,1,0
1830,DL,LGA,DCA,0,2,0
1830,MQ,JFK,DCA,0,2,1
1830,DL,LGA,DCA,0,3,0
1830,MQ,JFK,DCA,0,3,0
1830,DL,LGA,DCA,0,4,0
1830,MQ,JFK,DCA,0,4,0
1830,DL,LGA,DCA,0,5,0
1830,MQ,JFK,DCA,0,5,1
1830,DL,LGA,DCA,0,6,0
1830,MQ,JFK,DCA,0,6,0
1830,DL,LGA,DCA,0,7,1
1830,MQ,JFK,DCA,0,7,1
1830,DL,LGA,DCA,0,1,0
1830,MQ,JFK,DCA,0,1,1
1830,DL,LGA,DCA,0,2,0
1830,MQ,JFK,DCA,0,2,0
1830,DL,LGA,DCA,0,3,0
1830,MQ,JFK,DCA,0,3,0
1830,DL,LGA,DCA,0,4,0
1830,MQ,JFK,DCA,0,4,0
1830,DL,LGA,DCA,0,5,0
1830,MQ,JFK,DCA,0,5,0
1830,DL,LGA,DCA,0,6,0
1830,MQ,JFK,DCA,0,6,0
1830,DL,LGA,DCA,0,7,0
1830,MQ,JFK,DCA,0,7,0
1830,MQ,JFK,DCA,1,1,1
1830,DL,LGA,DCA,0,2,1
1830,MQ,JFK,DCA,1,2,1
1830,DL,LGA,DCA,0,3,0
1830,MQ,JFK,DCA,0,3,0
1830,DL,LGA,DCA,0,4,0
1830,MQ,JFK,DCA,0,4,0
1830,DL,LGA,DCA,0,5,0
1830,MQ,JFK,DCA,0,5,0
1830,DL,LGA,DCA,0,6,0
1830,MQ,JFK,DCA,0,6,0
1900,MQ,LGA,DCA,0,4,0
1900,RU,EWR,IAD,0,4,0
1900,RU,EWR,DCA,0,4,0
1900,US,LGA,DCA,0,5,0
1900,RU,EWR,IAD,0,5,0
1900,RU,EWR,DCA,0,5,0
1900,US,LGA,DCA,0,6,0
1900,MQ,LGA,DCA,0,7,1
1900,US,LGA,DCA,0,7,0
1900,RU,EWR,IAD,0,7,1
1900,RU,EWR,DCA,0,7,1
1900,MQ,LGA,DCA,0,1,1
1900,US,LGA,DCA,0,1,0
1900,RU,EWR,DCA,0,1,1
1900,MQ,LGA,DCA,0,2,0
1900,US,LGA,DCA,0,2,0
1900,CO,EWR,DCA,0,2,1
1900,RU,EWR,IAD,0,2,1
1900,MQ,LGA,DCA,0,3,1
1900,US,LGA,DCA,0,3,0
1900,CO,EWR,DCA,0,3,1
1900,RU,EWR,IAD,0,3,1
1900,MQ,LGA,DCA,0,4,0
1900,US,LGA,DCA,0,4,1
1900,CO,EWR,DCA,0,4,0
1900,RU,EWR,IAD,0,4,0
1900,MQ,LGA,DCA,0,5,1
1900,US,LGA,DCA,0,5,0
1900,CO,EWR,DCA,0,5,0
1900,RU,EWR,IAD,0,5,0
1900,US,LGA,DCA,0,6,0
1900,MQ,LGA,DCA,0,7,0
1900,US,LGA,DCA,0,7,0
1900,CO,EWR,DCA,0,7,0
1900,RU,EWR,IAD,0,7,0
1900,MQ,LGA,DCA,0,1,0
1900,US,LGA,DCA,0,1,0
1900,CO,EWR,DCA,0,1,0
1900,RU,EWR,IAD,0,1,0
1900,MQ,LGA,DCA,0,2,1
1900,US,LGA,DCA,0,2,0
1900,CO,EWR,DCA,0,2,1
1900,RU,EWR,IAD,0,2,1
1900,MQ,LGA,DCA,0,3,0
1900,US,LGA,DCA,0,3,0
1900,CO,EWR,DCA,0,3,0
1900,RU,EWR,IAD,0,3,0
1900,MQ,LGA,DCA,0,4,1
1900,US,LGA,DCA,0,4,1
1900,CO,EWR,DCA,0,4,1
1900,RU,EWR,IAD,0,4,1
1900,MQ,LGA,DCA,0,5,1
1900,US,LGA,DCA,0,5,1
1900,RU,EWR,IAD,0,5,1
1900,US,LGA,DCA,0,6,0
1900,MQ,LGA,DCA,0,7,1
1900,US,LGA,DCA,0,7,0
1900,CO,EWR,DCA,0,7,1
1900,MQ,LGA,DCA,0,1,1
1900,US,LGA,DCA,0,1,0
1900,CO,EWR,DCA,0,1,0
1900,RU,EWR,IAD,0,1,1
1900,MQ,LGA,DCA,0,2,1
1900,US,LGA,DCA,0,2,0
1900,CO,EWR,DCA,0,2,0
1900,RU,EWR,IAD,0,2,0
1900,MQ,LGA,DCA,0,3,0
1900,US,LGA,DCA,0,3,0
1900,CO,EWR,DCA,0,3,0
1900,RU,EWR,IAD,0,3,0
1900,MQ,LGA,DCA,0,4,0
1900,US,LGA,DCA,0,4,0
1900,CO,EWR,DCA,0,4,0
1900,RU,EWR,IAD,0,4,0
1900,MQ,LGA,DCA,0,5,0
1900,US,LGA,DCA,0,5,0
1900,CO,EWR,DCA,0,5,1
1900,RU,EWR,IAD,0,5,0
1900,US,LGA,DCA,0,6,0
1900,MQ,LGA,DCA,0,7,0
1900,US,LGA,DCA,0,7,0
1900,CO,EWR,DCA,0,7,0
1900,RU,EWR,IAD,0,7,1
1900,MQ,LGA,DCA,1,1,1
1900,US,LGA,DCA,0,1,0
1900,CO,EWR,DCA,0,1,1
1900,RU,EWR,IAD,0,1,1
1900,MQ,LGA,DCA,0,3,1
1900,US,LGA,DCA,0,3,0
1900,CO,EWR,DCA,0,3,1
1900,RU,EWR,IAD,0,3,0
1900,MQ,LGA,DCA,0,4,0
1900,US,LGA,DCA,0,4,0
1900,CO,EWR,DCA,0,4,0
1900,RU,EWR,IAD,0,4,0
1900,US,LGA,DCA,0,5,0
1900,CO,EWR,DCA,0,5,0
1900,RU,EWR,IAD,0,5,1
1900,US,LGA,DCA,0,6,0
1930,DL,LGA,DCA,0,1,1
1930,DL,LGA,DCA,0,2,0
1930,DL,LGA,DCA,0,3,0
1930,DL,LGA,DCA,0,4,0
1930,DL,LGA,DCA,0,5,0
1930,DL,LGA,DCA,0,7,0
1930,DL,LGA,DCA,0,1,0
1930,DL,LGA,DCA,0,2,0
1930,DL,LGA,DCA,0,3,1
1930,DL,LGA,DCA,0,4,1
1930,DL,LGA,DCA,0,5,0
1930,DL,LGA,DCA,0,1,0
1930,DL,LGA,DCA,0,2,0
1930,DL,LGA,DCA,0,3,0
1930,DL,LGA,DCA,0,4,0
1930,DL,LGA,DCA,0,5,0
1930,DL,LGA,DCA,0,7,0
1930,DL,LGA,DCA,0,1,0
1930,DL,LGA,DCA,0,4,0
1930,DL,LGA,DCA,0,5,0
2000,US,LGA,DCA,0,7,0
2000,US,LGA,DCA,0,1,0
2000,US,LGA,DCA,0,2,0
2000,US,LGA,DCA,0,3,1
2000,US,LGA,DCA,0,4,1
2000,US,LGA,DCA,0,5,0
2000,US,LGA,DCA,0,7,0
2000,US,LGA,DCA,0,1,0
2000,US,LGA,DCA,0,2,0
2000,US,LGA,DCA,0,3,1
2000,US,LGA,DCA,0,5,0
2000,US,LGA,DCA,0,7,0
2000,US,LGA,DCA,0,1,0
2000,US,LGA,DCA,0,2,0
2000,US,LGA,DCA,0,3,0
2000,US,LGA,DCA,0,4,0
2000,US,LGA,DCA,0,5,0
2000,US,LGA,DCA,0,7,0
2000,US,LGA,DCA,0,1,0
2000,US,LGA,DCA,0,3,1
2000,US,LGA,DCA,0,4,0
2000,US,LGA,DCA,0,5,0
2030,DL,LGA,DCA,0,4,0
2030,DL,LGA,DCA,0,5,0
2030,DL,LGA,DCA,0,6,0
2030,DL,LGA,DCA,0,7,0
2030,DL,LGA,DCA,0,1,0
2030,DL,LGA,DCA,0,2,0
2030,DL,LGA,DCA,0,3,0
2030,DL,LGA,DCA,0,4,0
2030,DL,LGA,DCA,0,5,0
2030,DL,LGA,DCA,0,6,0
2030,DL,LGA,DCA,0,7,0
2030,DL,LGA,DCA,0,1,0
2030,DL,LGA,DCA,0,2,1
2030,DL,LGA,DCA,0,3,1
2030,DL,LGA,DCA,0,4,1
2030,DL,LGA,DCA,0,5,0
2030,DL,LGA,DCA,0,6,0
2030,DL,LGA,DCA,0,7,0
2030,DL,LGA,DCA,0,1,0
2030,DL,LGA,DCA,0,2,0
2030,DL,LGA,DCA,0,3,0
2030,DL,LGA,DCA,0,4,0
2030,DL,LGA,DCA,0,5,0
2030,DL,LGA,DCA,0,6,0
2030,DL,LGA,DCA,0,7,0
2030,DL,LGA,DCA,0,1,0
2030,DL,LGA,DCA,0,2,1
2030,DL,LGA,DCA,0,3,1
2030,DL,LGA,DCA,0,4,0
2030,DL,LGA,DCA,0,5,0
2030,DL,LGA,DCA,0,6,0
2100,US,LGA,DCA,0,4,0
2100,US,LGA,DCA,0,5,0
2100,RU,EWR,DCA,0,5,0
2100,US,LGA,DCA,0,7,0
2100,US,LGA,DCA,0,1,0
2100,RU,EWR,DCA,0,1,0
2100,US,LGA,DCA,0,2,0
2100,RU,EWR,DCA,0,2,1
2100,US,LGA,DCA,0,3,0
2100,RU,EWR,DCA,0,3,0
2100,US,LGA,DCA,0,4,0
2100,RU,EWR,DCA,0,4,0
2100,US,LGA,DCA,0,5,0
2100,RU,EWR,DCA,0,5,0
2100,US,LGA,DCA,0,7,0
2100,US,LGA,DCA,0,1,0
2100,RU,EWR,DCA,0,1,0
2100,US,LGA,DCA,0,2,0
2100,RU,EWR,DCA,0,2,0
2100,US,LGA,DCA,0,3,0
2100,RU,EWR,DCA,0,3,0
2100,US,LGA,DCA,0,4,1
2100,RU,EWR,DCA,0,4,1
2100,US,LGA,DCA,0,5,0
2100,RU,EWR,DCA,0,5,0
2100,US,LGA,DCA,0,7,0
2100,US,LGA,DCA,0,1,0
2100,RU,EWR,DCA,0,1,0
2100,US,LGA,DCA,0,2,0
2100,RU,EWR,DCA,0,2,0
2100,US,LGA,DCA,0,3,0
2100,RU,EWR,DCA,0,3,0
2100,US,LGA,DCA,0,4,1
2100,RU,EWR,DCA,0,4,0
2100,US,LGA,DCA,0,5,0
2100,RU,EWR,DCA,0,5,0
2100,US,LGA,DCA,0,7,1
2100,US,LGA,DCA,0,1,1
2100,RU,EWR,DCA,0,1,0
2100,US,LGA,DCA,0,3,0
2100,RU,EWR,DCA,0,3,1
2100,US,LGA,DCA,0,4,0
2100,RU,EWR,DCA,0,4,0
2100,US,LGA,DCA,0,5,0
2100,RU,EWR,DCA,0,5,0
2120,DH,JFK,IAD,0,4,0
2120,DH,LGA,IAD,0,4,0
2120,DH,EWR,IAD,0,4,0
2120,DH,JFK,IAD,0,5,1
2120,DH,LGA,IAD,0,5,0
2120,DH,JFK,IAD,0,6,1
2120,DH,LGA,IAD,0,6,0
2120,DH,EWR,IAD,0,6,0
2120,DH,JFK,IAD,0,7,0
2120,DH,LGA,IAD,0,7,0
2120,DH,EWR,IAD,0,7,1
2120,DH,JFK,IAD,0,1,1
2120,DH,LGA,IAD,0,1,0
2120,DH,EWR,IAD,0,1,1
2120,DH,JFK,IAD,0,2,1
2120,DH,LGA,IAD,0,2,0
2120,DH,EWR,IAD,0,2,0
2120,DH,JFK,IAD,0,3,0
2120,DH,EWR,IAD,0,3,0
2120,DH,LGA,IAD,0,4,1
2120,DH,JFK,IAD,0,4,0
2120,DH,EWR,IAD,0,4,0
2120,DH,LGA,IAD,0,5,0
2120,DH,JFK,IAD,0,5,0
2120,DH,EWR,IAD,0,5,0
2120,DH,LGA,IAD,0,6,0
2120,DH,JFK,IAD,0,6,0
2120,DH,EWR,IAD,0,6,0
2120,DH,LGA,IAD,0,7,0
2120,DH,JFK,IAD,0,7,1
2120,DH,EWR,IAD,0,7,0
2120,DH,LGA,IAD,0,1,0
2120,DH,JFK,IAD,0,1,0
2120,DH,EWR,IAD,0,1,0
2120,DH,LGA,IAD,0,2,0
2120,DH,JFK,IAD,0,2,0
2120,DH,EWR,IAD,0,2,0
2120,DH,LGA,IAD,0,3,0
2120,DH,JFK,IAD,0,3,0
2120,DH,EWR,IAD,0,3,1
2120,DH,LGA,IAD,0,4,1
2120,DH,JFK,IAD,0,4,0
2120,DH,EWR,IAD,0,4,0
2120,DH,LGA,IAD,0,5,0
2120,DH,JFK,IAD,0,5,0
2120,DH,EWR,IAD,0,5,0
2120,DH,LGA,IAD,0,6,1
2120,DH,JFK,IAD,0,6,1
2120,DH,EWR,IAD,0,6,1
2120,DH,LGA,IAD,0,7,0
2120,DH,JFK,IAD,0,7,0
2120,DH,EWR,IAD,0,7,0
2120,DH,LGA,IAD,0,1,1
2120,DH,JFK,IAD,0,1,0
2120,DH,EWR,IAD,0,1,1
2120,DH,LGA,IAD,0,2,0
2120,DH,JFK,IAD,0,2,0
2120,DH,EWR,IAD,0,2,0
2120,DH,LGA,IAD,0,3,1
2120,DH,JFK,IAD,0,3,0
2120,DH,EWR,IAD,0,3,0
2120,DH,LGA,IAD,0,4,0
2120,DH,JFK,IAD,0,4,0
2120,DH,EWR,IAD,0,4,0
2120,DH,LGA,IAD,0,5,1
2120,DH,JFK,IAD,0,5,0
2120,DH,EWR,IAD,0,5,1
2120,DH,LGA,IAD,0,6,0
2120,DH,JFK,IAD,0,6,0
2120,DH,EWR,IAD,0,6,0
2120,DH,LGA,IAD,0,7,1
2120,DH,JFK,IAD,1,7,1
2120,DH,EWR,IAD,0,7,1
2120,DH,LGA,IAD,0,1,1
2120,DH,JFK,IAD,0,1,0
2120,DH,EWR,IAD,0,1,1
2120,DH,JFK,IAD,1,2,1
2120,DH,EWR,IAD,0,2,1
2120,DH,LGA,IAD,0,3,1
2120,DH,JFK,IAD,0,3,0
2120,DH,EWR,IAD,0,3,0
2120,DH,LGA,IAD,0,4,0
2120,DH,JFK,IAD,0,4,0
2120,DH,EWR,IAD,0,4,1
2120,DH,LGA,IAD,0,5,0
2120,DH,JFK,IAD,0,5,1
2120,DH,EWR,IAD,0,5,0
2120,DH,LGA,IAD,0,6,0
2120,DH,JFK,IAD,0,6,0
2120,DH,EWR,IAD,0,6,0
2130,RU,EWR,DCA,0,7,0
2130,RU,EWR,DCA,0,7,1
